Nome,Categoria,Endereço,Telefone,Email,Website,Origem
Sporting club of Portugal,Futebol,"Rua Professor Fernando da Fonseca B3, 1600-616 Lisboa, Portugal",21 751 6135,N/A (Google não fornece e-mail diretamente),https://www.sporting.pt/,Google Places API
Sport Lisboa e Benfica,Futebol,"Av. Eusébio da Silva Ferreira 18, 1500-313 Lisboa, Portugal",932 401 904,N/A (Google não fornece e-mail diretamente),https://www.slbenfica.pt/,Google Places API
Atlético Clube de Portugal,Futebol,"Complexo Desportivo, S/N, Estádio Da Tapadinha, Lisboa, 1300 Lisboa, Portugal",21 363 7986,N/A (Google não fornece e-mail diretamente),https://www.atleticocp.pt/,Google Places API
Clube de Futebol Benfica,Futebol,"R. Olivério Serpa 9, 1500-471 Lisboa, Portugal",21 150 4873,N/A (Google não fornece e-mail diretamente),http://futebolbenfica.com/,Google Places API
Clube de Futebol Os Belenenses,Futebol,"R. de Alcolena 5, 1400-005 Lisboa, Portugal",21 304 0000,N/A (Google não fornece e-mail diretamente),https://www.osbelenenses.com/,Google Places API
Sede - Vitória Clube de Lisboa,Futebol,"R. Silveira Peixoto 7, 1900-110 Lisboa, Portugal",21 848 4801,N/A (Google não fornece e-mail diretamente),N/A,Google Places API
Os Unidos,Futebol,"R. Rio Zêzere 2 1600-755, 1600-755 Lisboa, Portugal",21 714 5811,N/A (Google não fornece e-mail diretamente),N/A,Google Places API
Futebol Clube do Rossão,Futebol,"Largo Artur Bual 33, 1950-360 Lisboa, Portugal",N/A,N/A (Google não fornece e-mail diretamente),N/A,Google Places API
Liberdade Atlético Clube,Futebol,"R. B Ao Bairro da Liberdade 83, 1070-146 Lisboa, Portugal",21 388 1546,N/A (Google não fornece e-mail diretamente),N/A,Google Places API
Sport Futebol Palmense,Futebol,"R. Afonso Botelho S.L.Palmense, 1600-181 Lisboa, Portugal",21 726 4531,N/A (Google não fornece e-mail diretamente),N/A,Google Places API
Ingleses Futebol Clube,Futebol,"LG Jaime Carvalho 15A, 1800-003 Lisboa, Portugal",21 852 2343,N/A (Google não fornece e-mail diretamente),https://www.inglesesfc.com/,Google Places API
Mirantense Futebol Clube,Futebol,"Rua do Vale de Santo António 35 1°piso, 1170-376 Lisboa, Portugal",21 814 3152,N/A (Google não fornece e-mail diretamente),https://www.facebook.com/100063532482359/,Google Places API
Clube de Futebol Varejense,Futebol,"Av. Afonso III 86, 1900-048 Lisboa, Portugal",21 814 4843,N/A (Google não fornece e-mail diretamente),https://cfvarejense.pt/,Google Places API
Sede - Caselas Futebol Clube,Futebol,"R. Padre Reis Lima, 1300-000 Lisboa, Portugal",938 252 891,N/A (Google não fornece e-mail diretamente),https://m.facebook.com/people/Caselas-Futebol-Clube/100057116393448/,Google Places API
Santana Futebol Clube,Futebol,"Letras SFC, Calçada dos Sete Moinhos, 1070-265 Lisboa, Portugal",21 800 7880,N/A (Google não fornece e-mail diretamente),https://www.facebook.com/SantanaFutebolClube1920,Google Places API
Clube Oriental de Lisboa,Futebol,"Praça David Leandro da Silva 22, 1950-064 Lisboa, Portugal",21 868 1055,N/A (Google não fornece e-mail diretamente),http://www.oriental.pt/,Google Places API
Vitória Clube de Lisboa,Futebol,"Calçada Carrascal 189, 1900-269 Lisboa, Portugal",21 848 4801,N/A (Google não fornece e-mail diretamente),N/A,Google Places API
Futebol Clube Do Porto,Futebol,"Av. da República 48, 1000 Lisboa, Portugal",21 796 7418,N/A (Google não fornece e-mail diretamente),N/A,Google Places API
Parque de Jogos Victor Peralta - Operário Futebol Clube de Lisboa,Futebol,"R. Barão Monte Pedral, 1170-039 Lisboa, Portugal",N/A,N/A (Google não fornece e-mail diretamente),https://polideportivopr.blogspot.com/,Google Places API
Clube Atletico Arroios,Futebol,"Rua de Arroios, 1150-260 Lisboa, Portugal",21 354 2650,N/A (Google não fornece e-mail diretamente),N/A,Google Places API
Benfica Escola de Futebol Estádio do Sport Lisboa e Benfica,Futebol,"Av. Eusébio da Silva Ferreira, 1500-313 Lisboa, Portugal",932 401 904,N/A (Google não fornece e-mail diretamente),N/A,Google Places API
Escola Academia Sporting - Carnide,Futebol,"Carnide, 1600 Lisbon, Portugal",N/A,N/A (Google não fornece e-mail diretamente),N/A,Google Places API
Academia Cristiano Ronaldo - Sporting CP,Futebol,"Estr. Malhada de Meias 2890, 2890-529 Alcochete, Portugal",21 232 7400,N/A (Google não fornece e-mail diretamente),https://www.sporting.pt/pt/clube/infraestruturas/academia,Google Places API
Benfica Escola de Futebol Alta de Lisboa,Futebol,"Campo nº1, Complexo Desportivo do Alto do Lumiar, Avenida Nuno Krus Abecassis, 1750-265 Lisboa, Portugal",935 344 080,N/A (Google não fornece e-mail diretamente),N/A,Google Places API
Sporting club of Portugal,Futebol,"Rua Professor Fernando da Fonseca B3, 1600-616 Lisboa, Portugal",21 751 6135,N/A (Google não fornece e-mail diretamente),https://www.sporting.pt/,Google Places API
Escola de Futebol Os Belenenses (Parque das Nações),Futebol,"Passeio do Parque, 1990-528 Lisboa, Portugal",925 321 988,N/A (Google não fornece e-mail diretamente),https://www.facebook.com/escolabelenensesparquedasnacoes/,Google Places API
UrbanSoccer,Futebol,"Grupo Desportivo Direito Parque Florestal de Monsanto, 1500-000 Lisboa, Portugal",932 168 065,N/A (Google não fornece e-mail diretamente),http://www.urbansoccer.pt/,Google Places API
A Escolinha do Figo - Colégio de São Tomás | Conchas,Futebol,"Colégio São Tomás, Av. Maria Helena Vieira da Silva, 1750-184 Lisboa, Portugal",927 163 726,N/A (Google não fornece e-mail diretamente),N/A,Google Places API
Escola de Futebol Benfica de Alvalade,Futebol,"Complexo Desportivo, Av. do Brasil, 1700-111 Lisboa, Portugal",934 784 050,N/A (Google não fornece e-mail diretamente),N/A,Google Places API
Escola Academia Sporting Algés,Futebol,"Calçada do Rio, 1495-113 Algés, Portugal",931 114 005,N/A (Google não fornece e-mail diretamente),https://www.instagram.com/academiasporting/,Google Places API
Benfica Campus,Futebol,"Q.ta da Trindade, 2840-600 Seixal, Portugal",21 710 8070,N/A (Google não fornece e-mail diretamente),https://www.slbenfica.pt/pt-pt/instituicao/instalacoes/benfica-campus,Google Places API
A Escolinha do Figo,Futebol,"R. José Escada, 1600-482 Lisboa, Portugal",927 163 726,N/A (Google não fornece e-mail diretamente),http://www.aescolinhadofigo.com/,Google Places API
C.R.P. Academia Desportiva Campolide,Futebol,"Rua 7, do Bairro da, CC dos Mestres S\N, 1070-264 Lisboa, Portugal",915 033 750,N/A (Google não fornece e-mail diretamente),N/A,Google Places API
Sport Lisboa e Benfica,Futebol,"Av. Eusébio da Silva Ferreira 18, 1500-313 Lisboa, Portugal",932 401 904,N/A (Google não fornece e-mail diretamente),https://www.slbenfica.pt/,Google Places API
Benfica Escola de Futebol Olivais / Expo,Futebol,"R. Almada Negreiros 460, 1800-017 Lisboa, Portugal",968 857 806,N/A (Google não fornece e-mail diretamente),N/A,Google Places API
Benfica Escola de Futebol Clube TAP,Futebol,"Complexo Desportivo do Clube TAP, Alameda da Encarnação, 1800-000 Lisboa, Portugal",915 585 960,N/A (Google não fornece e-mail diretamente),N/A,Google Places API
A Escolinha do Figo - Escola Patrício Prazeres,Futebol,"R. Matilde Rosa Araújo, 1900-312 Lisboa, Portugal",927 163 726,N/A (Google não fornece e-mail diretamente),http://www.aescolinhadofigo.com/,Google Places API
Escola de Futebol Os Belenenses - Lisboa Centro,Futebol,"R. Olivença 1585, 1900-379 Lisboa, Portugal",916 285 544,N/A (Google não fornece e-mail diretamente),http://efb.osbelenenses.com/,Google Places API
Escola de Futebol 3F Free Fun Football Associação - Alvalade,Futebol,"Complexo Desportivo Mun. São João de Brito, 1700-111 Lisboa, Portugal",966 742 095,N/A (Google não fornece e-mail diretamente),https://www.3ffreefunfootball.com/,Google Places API
A Escolinha do Figo - Escola Alemã de Lisboa,Futebol,"Largo Willy Brandt, 1600-891 Lisboa, Portugal",927 163 726,N/A (Google não fornece e-mail diretamente),N/A,Google Places API
GO fit Campo Grande,Fitness,"Garden of, 1700-162 Lisboa, Portugal",21 765 3464,N/A (Google não fornece e-mail diretamente),https://go-fit.pt/centros/go-fit-campo-grande/?utm_source=google-mb&utm_medium=organic&utm_campaign=campogrande,Google Places API
Portuguese Gym Club,Fitness,"Praça Ginásio Clube Português 1, 1250-111 Lisboa, Portugal",21 384 1580,N/A (Google não fornece e-mail diretamente),http://www.gcp.pt/,Google Places API
Lisbon Gymnastics Club,Fitness,"Rua dos Anjos 63, 1150-035 Lisboa, Portugal",21 315 4002,N/A (Google não fornece e-mail diretamente),http://www.lgc.pt/,Google Places API
LemonFit Parque das Nações,Fitness,"Av. da Peregrinação 2, 1990-382 Lisboa, Portugal",21 808 1934,N/A (Google não fornece e-mail diretamente),https://www.lemonfit.pt/parquedasnacoes,Google Places API
VivaGym Lumiar,Fitness,"R. Cordeiro Ferreira n.º 9, 1750-071 Lisboa, Portugal",N/A,N/A (Google não fornece e-mail diretamente),https://www.vivagym.pt/gimnasios/lumiar?utm_source=google&utm_medium=organic&utm_campaign=gmb-lumiar-vivagym,Google Places API
Ginásio VivaGym Parque das Nações,Fitness,"Edifício Fil, R. do Bojador 2, 1800-192 Lisboa, Portugal",N/A,N/A (Google não fornece e-mail diretamente),https://www.vivagym.pt/gimnasios/parque-das-nacoes?utm_source=google&utm_medium=organic&utm_campaign=gmb-parque-das-nacoes-vivagym,Google Places API
VivaGym Santos,Fitness,"R. do Instituto Industrial 7, 1200-225 Lisboa, Portugal",N/A,N/A (Google não fornece e-mail diretamente),https://www.vivagym.pt/gimnasios/santos?utm_source=google&utm_medium=organic&utm_campaign=gmb-santos-vivagym,Google Places API
GO fit Olivais,Fitness,"Av. de Berlim s/n, 1800-178 Lisboa, Portugal",21 851 0928,N/A (Google não fornece e-mail diretamente),https://go-fit.pt/centros/go-fit-olivais/?utm_source=google-mb&utm_medium=organic&utm_campaign=olivais,Google Places API
VivaGym Picoas,Fitness,"Picoas Plaza, R. Tomás Ribeiro 65, 1050-010 Lisboa, Portugal",N/A,N/A (Google não fornece e-mail diretamente),https://www.vivagym.pt/gimnasios/picoas?utm_source=google&utm_medium=organic&utm_campaign=gmb-picoas-vivagym,Google Places API
Absolute Health Club,Fitness,"R. Aquiles Monteverde 28d, 1000-018 Lisboa, Portugal",968 155 833,N/A (Google não fornece e-mail diretamente),http://www.absolutehealthclub.pt/,Google Places API
VivaGym Arco do Cego,Fitness,"R. Visc. de Santarém 69, 1000-005 Lisboa, Portugal",N/A,N/A (Google não fornece e-mail diretamente),https://www.vivagym.pt/gimnasios/arco-do-cego?utm_source=google&utm_medium=organic&utm_campaign=arco-do-cego-vivagym,Google Places API
VivaGym Campo Pequeno,Fitness,"Av. Elias Garcia 76, 1050-053 Lisboa, Portugal",N/A,N/A (Google não fornece e-mail diretamente),https://www.vivagym.pt/gimnasios/campo-pequeno?utm_source=google&utm_medium=organic&utm_campaign=gmb-campo-pequeno-vivagym,Google Places API
Academia Life Club,Fitness,"Av. Brasília 254, 1200-109 Lisboa, Portugal",21 393 4020,N/A (Google não fornece e-mail diretamente),http://www.academialifeclub.pt/,Google Places API
Ginásio Solinca Light Alvalade,Fitness,"R. Francisco Stromp 14, 1600-464 Lisboa, Portugal",930 488 650,N/A (Google não fornece e-mail diretamente),https://www.solinca.pt/solinca-clubes/alvalade/,Google Places API
Fitness Hut Almirante Reis,Fitness,"Av. Alm. Reis 65, 1150-011 Lisboa, Portugal",N/A,N/A (Google não fornece e-mail diretamente),https://www.vivagym.pt/gimnasios/almirante-reis?utm_source=google&utm_medium=organic&utm_campaign=almirante-reis-vivagym,Google Places API
Ginásio VivaGym Amoreiras,Fitness,"Rua Dom João V 24, 1250-091 Lisboa, Portugal",N/A,N/A (Google não fornece e-mail diretamente),https://www.vivagym.pt/gimnasios/amoreiras?utm_source=google&utm_medium=organic&utm_campaign=amoreiras-vivagym,Google Places API
Fitness Hut Marquês de Pombal,Fitness,"R. Alexandre Herculano 2, 1150-006 Lisboa, Portugal",N/A,N/A (Google não fornece e-mail diretamente),https://www.vivagym.pt/gimnasios/marques-de-pombal?utm_source=google&utm_medium=organic&utm_campaign=gmb-marques-de-pombal-vivagym,Google Places API
studiorise cycling,Fitness,"R. Correia Teles 18, 1350-092 Lisboa, Portugal",N/A,N/A (Google não fornece e-mail diretamente),http://www.studiorise.eu/,Google Places API
Solinca,Fitness,"C. Colombo Loja A 201 Avenida Lusíada, 1500-392 Lisboa, Portugal",21 012 9670,N/A (Google não fornece e-mail diretamente),https://www.solinca.pt/,Google Places API
VivaGym Olivais,Fitness,"R. Cidade de Bolama 2.01, 1800-079 Lisboa, Portugal",N/A,N/A (Google não fornece e-mail diretamente),https://www.vivagym.pt/gimnasios/olivais?utm_source=google&utm_medium=organic&utm_campaign=gmb-olivais-vivagym,Google Places API
Telo Fitness Studio | Personal Trainer - Pilates - Osteopatia | Lisboa,Fitness,"R. Rodrigues Sampaio 170 A, 1150-279 Lisboa, Portugal",913 743 480,N/A (Google não fornece e-mail diretamente),https://teloptstudio.com/?utm_source=ficha+google&utm_medium=gmn,Google Places API
ART Fitness Studio,Fitness,"Largo José João Farinha Júnior 2C, 1600-302 Lisboa, Portugal",916 801 511,N/A (Google não fornece e-mail diretamente),http://www.artstudiofitness.com/,Google Places API
Personal Trainer Lisboa - Martim Pires,Fitness,"R. Gen. Morais Sarmento, 1500-311 Lisboa, Portugal",926 484 457,N/A (Google não fornece e-mail diretamente),https://ptmartimpires.my.canva.site/,Google Places API
Lisbon Personal Trainer - Ruben Pinto,Fitness,"Lisbon Personal Trainer VivaGym, R. Alexandre Herculano 2, 1150-006 Lisboa, Portugal",919 622 055,N/A (Google não fornece e-mail diretamente),https://www.personaltrainerlisbon.com/,Google Places API
Anatomy Training Studio,Fitness,"R. Lúcio de Azevedo 25 A, 1600-145 Lisboa, Portugal",965 473 333,N/A (Google não fornece e-mail diretamente),http://www.anatomytraining.net/,Google Places API
FBW - Full Body Workout,Fitness,"Largo da Memória 3, 1300-011 Lisboa, Portugal",926 734 810,N/A (Google não fornece e-mail diretamente),https://fbw.pt/,Google Places API
Personal Training Studio,Fitness,"R. das Galés 17A, 1990-612 Lisboa, Portugal",916 810 027,N/A (Google não fornece e-mail diretamente),N/A,Google Places API
"PT do Bairro Restelo - Pilates, Treino Personalizado, SPA e Clínica",Fitness,"R. Tristão Vaz 31A, 1400-350 Lisboa, Portugal",910 409 173,N/A (Google não fornece e-mail diretamente),https://www.ptdobairro.pt/restelo,Google Places API
PTLAB - Personal Training Studio,Fitness,"R. Q.ta da Formiga 13B, 1495-170 Algés, Portugal",917 707 739,N/A (Google não fornece e-mail diretamente),N/A,Google Places API
Evolution Health Studio | Restelo Fitness Ginásio,Fitness,"Rua Dom Jorge da Costa Nº10D, 1400-414 Lisboa, Portugal",969 296 702,N/A (Google não fornece e-mail diretamente),http://www.evolutionlisbon.pt/,Google Places API
EvoTone gym,Fitness,"R. Campo de Ourique 22, 1250-041 Lisboa, Portugal",934 597 510,N/A (Google não fornece e-mail diretamente),N/A,Google Places API
Tiago Carvalho - Personal Trainer,Fitness,"Alameda dos Oceanos 94, 1990-160 Lisboa, Portugal",N/A,N/A (Google não fornece e-mail diretamente),https://m.facebook.com/pt.tiagocarvalho/,Google Places API
Ricardo Saudade e Silva - Personal Trainer,Fitness,"Av. Miguel Bombarda 131A, 1050-128 Lisboa, Portugal",918 303 227,N/A (Google não fornece e-mail diretamente),https://www.ptricardosaudadesilva.com/,Google Places API
BTM Training Studio,Fitness,"R. António Pedro 29, 1150-014 Lisboa, Portugal",912 950 982,N/A (Google não fornece e-mail diretamente),http://www.facebook.com/btmtrainingstudio,Google Places API
Duarte Personal Training,Fitness,"R. do Patrocínio 63A, 1350-229 Lisboa, Portugal",918 800 801,N/A (Google não fornece e-mail diretamente),http://duarte.studio/,Google Places API
Personal Trainer - Francisco Burguette,Fitness,"R. João Dias 6 5 B, 1400-200 Lisboa, Portugal",962 517 810,N/A (Google não fornece e-mail diretamente),https://www.letslift.com.pt/,Google Places API
Personal Trainer Diogo Barbosa,Fitness,"Rua General Morais Sarmento - Antigo Laboratório de Investigação Veterinária Crossfit Move On primeiro pavilhão do lado direito, 1500-311 Lisboa, Portugal",966 158 634,N/A (Google não fornece e-mail diretamente),http://www.ptdiogobarbosa.pt/,Google Places API
Fitness Coach Jaime Ramos,Fitness,"Alameda dos Oceanos, 1990-238 Lisboa, Portugal",913 541 406,N/A (Google não fornece e-mail diretamente),https://www.facebook.com/profile.php?id=100046664719989,Google Places API
Estúdio de treinamento personalizado - Daniele Almeida,Fitness,"R. João Frederico Ludovice 26, 1500-356 Lisboa, Portugal",964 723 074,N/A (Google não fornece e-mail diretamente),https://www.instagram.com/personal_danielealmeida_asma/profilecard/?igsh=c2NmOHA0NW56Z3c5,Google Places API
Personal Trainer - Fausto Veríssimo,Fitness,"R. Alexandre Herculano 2, 1150-006 Lisboa, Portugal",918 981 471,N/A (Google não fornece e-mail diretamente),https://www.instagram.com/faustoverissimopt/?hl=pt,Google Places API
Clínica Médica Internacional de Lisboa,Medicina,"R. Castilho 39 9º A, 1250-068 Lisboa, Portugal",21 351 3310,N/A (Google não fornece e-mail diretamente),https://www.cmil.pt/,Google Places API
Medical One - Centro Clínico,Medicina,"R. Adriano Correia de Oliveira 6, 1600-312 Lisboa, Portugal",21 195 0001,N/A (Google não fornece e-mail diretamente),https://www.medicalone.pt/,Google Places API
CLIVIP - Clínica Médica,Medicina,"R. Tierno Galvan Torre 3 Piso 6, Sala 606, 1070-274 Lisboa, Portugal",21 387 3782,N/A (Google não fornece e-mail diretamente),http://www.clivip.pt/,Google Places API
Clínica Mirai Lisboa,Medicina,"Av. Praia da Vitória 12B, 1000-245 Lisboa, Portugal",937 447 415,N/A (Google não fornece e-mail diretamente),http://www.clinicamirai.pt/,Google Places API
Alegria Medical Centre,Medicina,"Av. da Liberdade 144 4E, 1250-146 Lisboa, Portugal",21 145 2289,N/A (Google não fornece e-mail diretamente),http://www.alegriamed.com/?utm_source=GMB&utm_medium=GMB&utm_campaign=GMB,Google Places API
Clínica ONYX - Lisboa,Medicina,"Edifício Alfacenter, Av. Columbano Bordalo Pinheiro 108 5º Andar, 1070-067 Lisboa, Portugal",21 589 5075,N/A (Google não fornece e-mail diretamente),https://clinicaonyx.com/,Google Places API
FMR (Lisboa),Medicina,"Av. Eng. Duarte Pacheco Torre 2 8º andar, sala 1, 1070-102 Lisboa, Portugal",21 191 9567,N/A (Google não fornece e-mail diretamente),http://www.clinicafmr.com/,Google Places API
MS MEDICAL INSTITUTES,Medicina,"Av. da República 43, 1050-187 Lisboa, Portugal",926 677 500,N/A (Google não fornece e-mail diretamente),https://msmedicalinstitutes.com/,Google Places API
Centro Clínico Preveris Lisboa,Medicina,"Estrada da Luz 62 C, 1600-160 Lisboa, Portugal",21 350 2300,N/A (Google não fornece e-mail diretamente),https://preveris.pt/,Google Places API
Clinica medica,Medicina,"R. da Q.ta de Santa Maria 16A, 1800-281 Lisboa, Portugal",N/A,N/A (Google não fornece e-mail diretamente),N/A,Google Places API
Hospital Lusíadas Lisboa,Medicina,"R. Abílio Mendes 12, 1500-458 Lisboa, Portugal",21 770 4040,N/A (Google não fornece e-mail diretamente),https://www.lusiadas.pt/hospitais-clinicas/hospital-lusiadas-lisboa,Google Places API
United Medical Clinic Lisbon,Medicina,"Av. Defensores de Chaves 73B, 1000-114 Lisboa, Portugal",300 502 822,N/A (Google não fornece e-mail diretamente),http://umedclinic.pt/,Google Places API
ASMECL,Medicina,"Largo São Cristóvão 1, 1100-513 Lisboa, Portugal",21 881 3300,N/A (Google não fornece e-mail diretamente),https://www.clinicasaocristovao.pt/,Google Places API
Hospital da Luz,Medicina,"Av. Lusíada 100, 1500-650 Lisboa, Portugal",21 710 4400,N/A (Google não fornece e-mail diretamente),https://www.hospitaldaluz.pt/lisboa/pt,Google Places API
First Health - Clínica Médica,Medicina,"Av. Marquês de Tomar 104, 1050-053 Lisboa, Portugal",21 798 6781,N/A (Google não fornece e-mail diretamente),http://www.firsthealth.pt/,Google Places API
Cligenus CMCM,Medicina,"Av. da Liberdade 244, 1250-149 Lisboa, Portugal",21 317 3900,N/A (Google não fornece e-mail diretamente),http://www.cligenus.com/,Google Places API
"LivClinic - Botox em Lisboa, Medicina Estética e Anti-Aging",Medicina,"R. Nova dos Mercadores 27A, 1990-239 Lisboa, Portugal",919 105 030,N/A (Google não fornece e-mail diretamente),https://livclinic.pt/,Google Places API
Clínica Oficina da Saúde,Medicina,"Avenida 5 de Outubro 89 9º, 1050-050 Lisboa, Portugal",918 112 406,N/A (Google não fornece e-mail diretamente),http://www.oficinadasaude.pt/,Google Places API
Clínica Médica Gerações,Medicina,"Av. Fontes Pereira de Melo 3 10º DTO, 1050-115 Lisboa, Portugal",21 358 3910,N/A (Google não fornece e-mail diretamente),http://www.clinicageracoes.pt/,Google Places API
MEA,Medicina,"Av. da Liberdade nº 108 6º andar, 1250-146 Lisboa, Portugal",937 252 525,N/A (Google não fornece e-mail diretamente),https://clinicamea.com/,Google Places API
CDL - Dental Clinic Lisbon,Medicina,"R. Ferreira da Silva 9B, 1900-228 Lisboa, Portugal",21 354 0059,N/A (Google não fornece e-mail diretamente),https://dentistalisboa.com/clinica-dentaria-lisboa?utm_source=Google&utm_medium=Organic_Local&utm_campaign=GMB,Google Places API
Clínica Dentária do Marquês,Medicina,"R. Braamcamp 14, 1250-048 Lisboa, Portugal",21 197 7188,N/A (Google não fornece e-mail diretamente),http://www.clinicadomarques.pt/,Google Places API
Clinica Mint - Clinica Dentária Lisboa,Medicina,"Av. Marquês de Tomar 5, 1050-152 Lisboa, Portugal",21 155 2308,N/A (Google não fornece e-mail diretamente),https://mint.pt/,Google Places API
DentalCare Lisboa,Medicina,"R. Julieta Ferrão 12, 1600-131 Lisboa, Portugal",913 913 800,N/A (Google não fornece e-mail diretamente),http://www.dentalcarelisboa.com/,Google Places API
The Lisbon Smile Clinic,Medicina,"Rua Marquês de Fronteira 4B, 1070-295 Lisboa, Portugal",21 359 0020,N/A (Google não fornece e-mail diretamente),http://lisbonsmile.com/,Google Places API
Clínica Dentária Vita Centro Lisboa,Medicina,"Av. Frei Miguel Contreiras 54C, 1700-213 Lisboa, Portugal",960 317 236,N/A (Google não fornece e-mail diretamente),https://www.vitacentro.com/,Google Places API
Pedro Garrido de Figueiredo - Medicina Dentária,Medicina,"Rua Dom João V 4 2ºD, 1250-090 Lisboa, Portugal",21 790 8095,N/A (Google não fornece e-mail diretamente),https://www.pedrogf.com/,Google Places API
AM SMILING - Clinica Dentária,Medicina,"R. Xavier de Araújo 10 escritório 4, 1600-226 Lisboa, Portugal",21 583 9319,N/A (Google não fornece e-mail diretamente),http://amsmiling.pt/,Google Places API
AS CLÍNICAS - Clínicas de Medicina Dentária e Estética - Lisboa,Medicina,"R. Dr. Gama Barros 27A, 1700-143 Lisboa, Portugal",916 892 580,N/A (Google não fornece e-mail diretamente),https://www.asclinicas.pt/,Google Places API
Clínica Dentária Maia,Medicina,"Avenida 5 de Outubro 156 2º, 1050-062 Lisboa, Portugal",21 797 4965,N/A (Google não fornece e-mail diretamente),http://clinicadentariamaia.com/,Google Places API
GSD Dental Clinics,Medicina,"R. Duque de Palmela 6 Loja 11, 1250-098 Lisboa, Portugal",21 315 8086,N/A (Google não fornece e-mail diretamente),https://www.gsd-dentalclinics.com/clinica/lisboa?utm_source=gmb_lisboa&utm_medium=organic,Google Places API
Clínica São Dente,Medicina,"R. Borges Carneiro 20B, 1200-619 Lisboa, Portugal",21 397 0096,N/A (Google não fornece e-mail diretamente),http://www.saodente.pt/,Google Places API
Rasteiro Maya | Medicina Dentária,Medicina,"Avenida 5 de Outubro 33, 1050-114 Lisboa, Portugal",960 223 891,N/A (Google não fornece e-mail diretamente),https://www.dentista-lisboa.pt/,Google Places API
Institute of Implantology,Medicina,"Av. Columbano Bordalo Pinheiro 50, 1070-064 Lisboa, Portugal",21 721 0980,N/A (Google não fornece e-mail diretamente),http://www.institutodeimplantologia.pt/,Google Places API
Centro Dentário Colombo,Medicina,"Av. Lusíada 2 piso -1, 1500-392 Lisboa, Portugal",21 604 1355,N/A (Google não fornece e-mail diretamente),https://centrodentariocolombo.pt/,Google Places API
DIRECLIN Roma - Clínica Dentária,Medicina,"Largo Machado de Assis 9G, 1700-116 Lisboa, Portugal",21 014 8366,N/A (Google não fornece e-mail diretamente),http://www.direclin.com/,Google Places API
Instituto Dentário Alto dos Moinhos,Medicina,"R. Francisco Ferrer 3B, 1500-461 Lisboa, Portugal",21 016 9260,N/A (Google não fornece e-mail diretamente),http://www.idam.pt/,Google Places API
AS CLÍNICAS - Alvalade,Medicina,"Praça Alvalade 6 1 andar Direito, 1700-036 Lisboa, Portugal",916 892 581,N/A (Google não fornece e-mail diretamente),http://www.asclinicas.pt/,Google Places API
Liberdade Clínica Dentária,Medicina,"Av. da Liberdade 3 2ºAndar Sala 1, 1250-144 Lisboa, Portugal",914 017 410,N/A (Google não fornece e-mail diretamente),https://ritdental.com.pt/,Google Places API
MEDIDENTAL - Dental Clinics & Wellness,Medicina,"R. Gilberto Rola 62A 1º, 1350-156 Lisboa, Portugal",21 590 0620,N/A (Google não fornece e-mail diretamente),http://www.medidental.pt/,Google Places API
Lisboa Physio,Medicina,"Av. Frei Miguel Contreiras 18 A, 1700-211 Lisboa, Portugal",918 164 417,N/A (Google não fornece e-mail diretamente),http://lisboaphysio.com/,Google Places API
AD Fisio,Medicina,"Av. da Liberdade 244 1 Andar, 1250-149 Lisboa, Portugal",969 093 815,N/A (Google não fornece e-mail diretamente),http://www.adfisio.pt/,Google Places API
"Fisidinâmica - Centro Medicina Física e de Reabilitação, Lda",Medicina,"R. Virgílio Correia 15A, 1600-219 Lisboa, Portugal",21 727 7634,N/A (Google não fornece e-mail diretamente),https://www.fisidinamica.com/,Google Places API
FisioLX,Medicina,"R. Prof. Simões Raposo 14C, 1600-662 Lisboa, Portugal",21 716 1670,N/A (Google não fornece e-mail diretamente),http://www.fisiolx.pt/,Google Places API
NovaPhysio Lisboa - Fisioterapia,Medicina,"R. António Albino Machado 35B, 1600-259 Lisboa, Portugal",21 726 5425,N/A (Google não fornece e-mail diretamente),http://novaphysio.pt/,Google Places API
Clinisete,Medicina,"Av. Duque de Ávila 112 A, 1050-084 Lisboa, Portugal",21 358 0082,N/A (Google não fornece e-mail diretamente),http://www.clinisete.pt/,Google Places API
Kiné.fisio.lisboa - FISIOTERAPIA - KINESITHERAPIE - PHYSIOTHERAPIST,Medicina,"R. Tomás da Anunciação 104b, 1350-332 Lisboa, Portugal",961 627 253,N/A (Google não fornece e-mail diretamente),https://www.kinefisiolisboa.com/,Google Places API
Clínica FLEXUS Saldanha,Medicina,"R. Actor Taborda nº 27 1º Dto, 1000-007 Lisboa, Portugal",21 352 0944,N/A (Google não fornece e-mail diretamente),http://www.clinicaflexus.pt/,Google Places API
Prinovhelp - Clinica de Fisioterapia e Reabilitação Neurológica,Medicina,"R. Sanches Coelho 8A, 1600-202 Lisboa, Portugal",933 028 449,N/A (Google não fornece e-mail diretamente),http://www.clinicafisioterapialisboa.pt/,Google Places API
Fisiotrata - Clínica de Fisioterapia Lda,Medicina,"Av. dos Estados Unidos da América 51C, 1700-165 Lisboa, Portugal",21 847 8366,N/A (Google não fornece e-mail diretamente),N/A,Google Places API
Clínica Médis Fisioterapia Amoreiras (anteriormente One Clinics),Medicina,"Av. Eng. Duarte Pacheco 26, 1070-103 Lisboa, Portugal",962 422 943,N/A (Google não fornece e-mail diretamente),https://www.clinicamedis.pt/clinicas/detalhe-da-clinica/cl%C3%ADnica-m%C3%A9dis-fisioterapia-amoreiras/19956,Google Places API
Vértice By Quantum - Fisioterapia Especializada,Medicina,"R. Rodrigues Sampaio 146 1• drt, 1150-282 Lisboa, Portugal",910 813 763,N/A (Google não fornece e-mail diretamente),http://verticebyquantum.pt/,Google Places API
Fisio Roma - Clínica de Fisioterapia,Medicina,"R. Latino Coelho 11, 1050-010 Lisboa, Portugal",21 352 6014,N/A (Google não fornece e-mail diretamente),N/A,Google Places API
MediClinica Portugal,Medicina,"Av. Dom João II 19 Piso 0, 1990-078 Lisboa, Portugal",925 813 568,N/A (Google não fornece e-mail diretamente),https://www.mediclinica.pt/,Google Places API
Fisiospot - Alcântara,Medicina,"Calçada da Tapada 119A, 1300-548 Lisboa, Portugal",21 364 0560,N/A (Google não fornece e-mail diretamente),http://fisiospot.pt/,Google Places API
FISIOGASPAR,Medicina,"Av. dos Estados Unidos da América 2 C, 1700-174 Lisboa, Portugal",21 727 9000,N/A (Google não fornece e-mail diretamente),http://www.fisiogaspar.pt/,Google Places API
Clínica Médica Fisiopharma Roma,Medicina,"R. Augusto Gil 29A, 1000-063 Lisboa, Portugal",910 248 956,N/A (Google não fornece e-mail diretamente),https://www.fisiopharmaroma.com/,Google Places API
"SlowFisiO - Fisioterapia Expo, Lisboa",Medicina,"R. Nova dos Mercadores 11B, 1990-176 Lisboa, Portugal",914 628 237,N/A (Google não fornece e-mail diretamente),https://www.slowfisio.com/,Google Places API
Fisio 21,Medicina,"Av. João XXI 43 3º andar esquerdo, 1000-299 Lisboa, Portugal",960 169 528,N/A (Google não fornece e-mail diretamente),http://www.fisio21.pt/,Google Places API
OSTEOFISIO lab,Medicina,"Praça Alvalade 7 11º esq, 1700-036 Lisboa, Portugal",960 369 032,N/A (Google não fornece e-mail diretamente),http://www.osteofisiolab.pt/,Google Places API
FC Porto,Futebol,"Al. das Antas 24, 4350-415 Porto, Portugal",22 507 0500,N/A (Google não fornece e-mail diretamente),N/A,Google Places API
Boavista Futebol Clube,Futebol,"Estádio do Bessa, R. de O Primeiro de Janeiro, 4100-365 Porto, Portugal",22 607 1000,N/A (Google não fornece e-mail diretamente),http://www.boavistafc.pt/,Google Places API
Académico Futebol Club,Futebol,"Rua de Costa Cabral 182, 4200-208 Porto, Portugal",22 502 0129,N/A (Google não fornece e-mail diretamente),http://www.academicofc.pt/,Google Places API
AJ Escola de Futebol Hernâni Gonçalves,Futebol,"R. de Alves Redol 292, 4050-042 Porto, Portugal",916 004 460,N/A (Google não fornece e-mail diretamente),http://www.escfuthernani.com/,Google Places API
Porto Football Association,Futebol,"R. de António Pinto Machado 96, 4100-068 Porto, Portugal",22 607 6220,N/A (Google não fornece e-mail diretamente),https://afporto.pt/,Google Places API
Constituição Park / Antigo Estádio da Constituição,Futebol,"R. da Constituição 900, 4000 Porto, Portugal",22 508 3352,N/A (Google não fornece e-mail diretamente),N/A,Google Places API
Ramaldense Futebol Clube,Futebol,"R. Dr. Pedro de Sousa 528, 4460-378 Porto, Portugal",22 610 9414,N/A (Google não fornece e-mail diretamente),N/A,Google Places API
Sporting Clube da Cruz,Futebol,"R. da Fonte do Outeiro 521, 4200-353 Porto, Portugal",22 550 8041,N/A (Google não fornece e-mail diretamente),http://www.sportingclubdacruz.pt/,Google Places API
Praça da Alegria Futebol Clube,Futebol,"Av. de Rodrigues de Freitas 207, 4300 Porto, Portugal",22 536 1769,N/A (Google não fornece e-mail diretamente),http://opracadaalegria.blogspot.pt/,Google Places API
Futebol Clube da Foz,Futebol,"Campo de futebol do Futebol Club da Foz (Campo da Ervilha), Rua do Crasto s/n, 4150-244 Porto, Portugal",915 508 561,N/A (Google não fornece e-mail diretamente),N/A,Google Places API
New Balance Park,Futebol,"R. da Constituição 870, 4200-191 Porto, Portugal",22 508 3090,N/A (Google não fornece e-mail diretamente),https://www.fcporto.pt/pt/dragon-force/escola-nacional/constituicao-park,Google Places API
FC Porto Museum,Futebol,"Via Futebol Clube do Porto - Estádio do Dragão, 4350-415 Porto, Portugal",22 508 3352,N/A (Google não fornece e-mail diretamente),https://www.fcporto.pt/en/museum/,Google Places API
Clube Desportivo Portugal,Futebol,"R. Pinheiro de Campanhã 500, 4300-415 Porto, Portugal",918 173 024,N/A (Google não fornece e-mail diretamente),https://www.facebook.com/Clube.desportivo.portugal/,Google Places API
Complexo Desportivo de Campanhã,Futebol,"R. Peso da Régua 9493, 4300 Porto, Portugal",22 510 6114,N/A (Google não fornece e-mail diretamente),N/A,Google Places API
Sports and Recreational Association of Pasteleira,Futebol,"R. João de Barros 85, 4150-415 Porto, Portugal",22 610 7403,N/A (Google não fornece e-mail diretamente),https://www.instagram.com/adrpasteleiraoficial/,Google Places API
CCD PORTO,Futebol,"R. de Alves Redol 292, 4050-042 Porto, Portugal",22 831 8210,N/A (Google não fornece e-mail diretamente),https://portoccd.org/,Google Places API
Grupo Desportivo Cultural e Social de Santo Eugénio,Futebol,"R. Andorinhas 18, 4250-036 Porto, Portugal",22 832 8213,N/A (Google não fornece e-mail diretamente),https://santoeugenio.com/,Google Places API
Mocidade Invicta Futebol Clube,Futebol,"Tv. de Anselmo Braamcamp 115, 4000-080 Porto, Portugal",22 537 4129,N/A (Google não fornece e-mail diretamente),N/A,Google Places API
Leixões Sport Club,Futebol,"Lugar Cruz De Pau, Estádio Do Mar, Matosinhos, Porto, 4460 Sra. da Hora, Portugal",22 939 6020,N/A (Google não fornece e-mail diretamente),https://www.leixoessc.pt/,Google Places API
Sport RUGBY - Sport Club do Porto,Futebol,"Estr. da Circunvalação 15687 4100, 4100-183 Porto, Portugal",N/A,N/A (Google não fornece e-mail diretamente),http://www.sportrugby.pt/,Google Places API
New Balance Park,Futebol,"R. da Constituição 870, 4200-191 Porto, Portugal",22 508 3090,N/A (Google não fornece e-mail diretamente),https://www.fcporto.pt/pt/dragon-force/escola-nacional/constituicao-park,Google Places API
AJ Escola de Futebol Hernâni Gonçalves,Futebol,"R. de Alves Redol 292, 4050-042 Porto, Portugal",916 004 460,N/A (Google não fornece e-mail diretamente),http://www.escfuthernani.com/,Google Places API
Academia AF Porto,Futebol,"4250 Porto, Portugal",22 607 6220,N/A (Google não fornece e-mail diretamente),https://afporto.pt/,Google Places API
Footspace - Indoor Soccer,Futebol,"R. Manuel Pinto de Azevedo 269, 4100-321 Porto, Portugal",913 823 837,N/A (Google não fornece e-mail diretamente),https://playtomic.io/footspace/3f856a5a-2358-4f1e-afd7-1b94bf1efc75,Google Places API
Academia de Futebol Feminino - Academia D. Amélia,Futebol,"Rua das Estrelas s/n, 4150-762 Porto, Portugal",918 275 893,N/A (Google não fornece e-mail diretamente),N/A,Google Places API
FC Porto,Futebol,"Al. das Antas 24, 4350-415 Porto, Portugal",22 507 0500,N/A (Google não fornece e-mail diretamente),N/A,Google Places API
Constituição Park / Antigo Estádio da Constituição,Futebol,"R. da Constituição 900, 4000 Porto, Portugal",22 508 3352,N/A (Google não fornece e-mail diretamente),N/A,Google Places API
Kids Foot,Futebol,"R. Manuel Pinto de Azevedo, no 269 Porto, Portugal",913 934 328,N/A (Google não fornece e-mail diretamente),N/A,Google Places API
Academia Musculação Boavista FC/Cross training/Jiu jitsu/Mma/Kung-Do/Capoeira/Yoseikan,Futebol,"Complexo Desportivo Estádio do Bessa Século XXI, R. de O Primeiro de Janeiro, 4100-365 Porto, Portugal",965 055 716,N/A (Google não fornece e-mail diretamente),https://www.instagram.com/academiaboavistafc/,Google Places API
Escola de Futebol Dragon Force Colégio do Rosário,Futebol,"Ramalde, 4100-136 Porto, Portugal",22 619 7590,N/A (Google não fornece e-mail diretamente),N/A,Google Places API
Escola de Futebol Jaime Garcia - BFC,Futebol,"R. de O Primeiro de Janeiro 239, 4100-367 Porto, Portugal",925 473 689,N/A (Google não fornece e-mail diretamente),N/A,Google Places API
Académico Futebol Club,Futebol,"Rua de Costa Cabral 182, 4200-208 Porto, Portugal",22 502 0129,N/A (Google não fornece e-mail diretamente),http://www.academicofc.pt/,Google Places API
Portugal Football Academy,Futebol,"R. da Areosa 5, 4200-084 Porto, Portugal",8180 1802,N/A (Google não fornece e-mail diretamente),http://www.portugalfa.com/,Google Places API
Boavista Futebol Clube,Futebol,"Estádio do Bessa, R. de O Primeiro de Janeiro, 4100-365 Porto, Portugal",22 607 1000,N/A (Google não fornece e-mail diretamente),http://www.boavistafc.pt/,Google Places API
Escola de Futebol Dragon Force Ermesinde,Futebol,"Tv. Formiga 4445, 4445-485 Ermesinde, Portugal",22 508 3190,N/A (Google não fornece e-mail diretamente),https://www.fcporto.pt/pt/dragon-force/escola-nacional/ermesinde-colegio-de-ermesinde,Google Places API
Escola de Futebol Dragon Force Valadares,Futebol,"R. Carreira Funda 107, 4405-541 Vila Nova de Gaia, Portugal",966 186 356,N/A (Google não fornece e-mail diretamente),https://www.fcporto.pt/pt/dragon-force/escola-nacional/valadares-valadares-fc,Google Places API
Sport Club do Porto,Futebol,"Estr. da Circunvalação 15687, 4100-183 Porto, Portugal",22 200 1785,N/A (Google não fornece e-mail diretamente),http://www.sportclubdoporto.com/,Google Places API
Indoor Soccer Arca d'Água,Futebol,"R. de Nove de Abril 912, 4250-345 Porto, Portugal",919 830 204,N/A (Google não fornece e-mail diretamente),http://www.aircourts.com/index.php/site/view_club/28http://,Google Places API
Indoor Soccer Paranhos,Futebol,"R. de Augusto Lessa 567, 4200-105 Porto, Portugal",967 016 909,N/A (Google não fornece e-mail diretamente),https://aircourts.com/index.php/site/view_club/434/,Google Places API
Escola Benfica Matosinhos,Futebol,"R. Boa Hora 366, 4460-008 Matosinhos, Portugal",932 006 672,N/A (Google não fornece e-mail diretamente),https://www.slbenfica.pt/pt-pt/modalidades/escolas-modalidades/escolas-futebol,Google Places API
Go Gym Porto - São João,Fitness,"R. Mte. Guilherme Camarinha 7, 4200-537 Porto, Portugal",915 167 300,N/A (Google não fornece e-mail diretamente),http://www.gogym.pt/,Google Places API
eBody Boavista,Fitness,"Boavista Palace Residence, Rua Dr. Emílio Peres, 137, 4050-007 Porto, Portugal",910 569 404,N/A (Google não fornece e-mail diretamente),https://ebody.pt/ebody-boavista/,Google Places API
Ginásio VivaGym Trindade,Fitness,"Centro Comercial, Rua da Trindade, 4000-354 Porto, Portugal",N/A,N/A (Google não fornece e-mail diretamente),https://www.vivagym.pt/gimnasios/trindade?utm_source=google&utm_medium=organic&utm_campaign=gmb-trindade-vivagym,Google Places API
One2One - Private Fitness Studio,Fitness,"Rua da Alegria 1960, 4200-024 Porto, Portugal",914 370 762,N/A (Google não fornece e-mail diretamente),https://www.one2one.pt/,Google Places API
Fox Gym,Fitness,"Tv. Santo Isidro 122, 4000-099 Porto, Portugal",967 220 078,N/A (Google não fornece e-mail diretamente),http://www.foxgym.pt/,Google Places API
Breathe Sport Fitness,Fitness,"Estr. da Circunvalação 15687, 4100-183 Porto, Portugal",22 938 2504,N/A (Google não fornece e-mail diretamente),http://breathe.pt/,Google Places API
Ginásio Solinca Classic Dragão,Fitness,"Estádio do Dragão, 4350-415 Porto, Portugal",22 557 4700,N/A (Google não fornece e-mail diretamente),https://www.solinca.pt/,Google Places API
Ginásio Absoluto,Fitness,"R. das Condominhas 708, 4150-221 Porto, Portugal",934 624 841,N/A (Google não fornece e-mail diretamente),https://studioabsoluto.pt/,Google Places API
Ginásio Solinca Classic Constituição,Fitness,"R. da Constituição 2309, 4250-172 Porto, Portugal",22 246 0000,N/A (Google não fornece e-mail diretamente),https://www.solinca.pt/,Google Places API
"Fitness Hut, Centro Comercial Cidade Do Porto",Fitness,"Shopping, R. de Gonçalo Sampaio 350 piso 2, 4150-365 Porto, Portugal",N/A,N/A (Google não fornece e-mail diretamente),https://www.vivagym.pt/gimnasios/shopping-cidade-do-porto?utm_source=google&utm_medium=organic&utm_campaign=gmb-shopping-cidade-do-porto-vivagym,Google Places API
Fitness UP Praça Galiza,Fitness,"Praça da Galiza 96, 4050-479 Porto, Portugal",913 123 987,N/A (Google não fornece e-mail diretamente),https://www.fitnessup.pt/ginasio/praca-galiza,Google Places API
R Space - Estúdios de Treino. Estacionamento gratuito,Fitness,"R. Eng. Ferreira Dias 924 Fração E7, 4100-246 Porto, Portugal",919 321 068,N/A (Google não fornece e-mail diretamente),http://www.rspace.pt/,Google Places API
MG Fitness Studio Antas,Fitness,"Av. de Fernão de Magalhães 2019, 4350-162 Porto, Portugal",937 545 858,N/A (Google não fornece e-mail diretamente),https://www.mgfitnesstudio.com/,Google Places API
Fonseca Gym,Fitness,"R. Nova de São Crispim 267, 4000-362 Porto, Portugal",912 974 899,N/A (Google não fornece e-mail diretamente),http://www.fonsecagym.pt/,Google Places API
Ginásio VivaGym Antas,Fitness,"Rua dos Campeões Europeus 28-198, Alameda Shop & Spot, Lojas 311-315, 4350-414 Porto, Portugal",N/A,N/A (Google não fornece e-mail diretamente),https://www.vivagym.pt/gimnasios/antas?utm_source=google&utm_medium=organic&utm_campaign=antas-vivagym,Google Places API
Ginásio Solinca Classic Porto Palácio Hotel,Fitness,"Av. da Boavista 1269, 4100-130 Porto, Portugal",22 609 1553,N/A (Google não fornece e-mail diretamente),https://www.solinca.pt/,Google Places API
Fitness UP Constituição,Fitness,"R. do Seixal 130, 4000-521 Porto, Portugal",936 071 355,N/A (Google não fornece e-mail diretamente),https://www.fitnessup.pt/ginasio/porto-constituicao,Google Places API
SQUAD Porto,Fitness,"R. da Boavista 410, 4050-103 Porto, Portugal",915 265 350,N/A (Google não fornece e-mail diretamente),http://www.squadporto.com/,Google Places API
Ginásio Solinca Classic Foz,Fitness,"Rua do Molhe 726, 4150-503 Porto, Portugal",22 011 7887,N/A (Google não fornece e-mail diretamente),https://www.solinca.pt/,Google Places API
Fitness UP Bessa,Fitness,"R. de O Primeiro de Janeiro 314, 4100-365 Porto, Portugal",910 467 757,N/A (Google não fornece e-mail diretamente),https://www.fitnessup.pt/ginasio/porto-bessa,Google Places API
One2One - Private Fitness Studio,Fitness,"Rua da Alegria 1960, 4200-024 Porto, Portugal",914 370 762,N/A (Google não fornece e-mail diretamente),https://www.one2one.pt/,Google Places API
Porto Personal Studio,Fitness,"R. Prof. Sousa Júnior nº84, 4250-478 Porto, Portugal",912 697 844,N/A (Google não fornece e-mail diretamente),N/A,Google Places API
Pause Studio - Personal Training & Pilates,Fitness,"Rua Dominguez Alvarez 104 - Lojas 7, 8, 4150-801 Porto, Portugal",939 954 642,N/A (Google não fornece e-mail diretamente),https://www.instagram.com/pausestudiopt/,Google Places API
TG FitStudio - Estúdio de Treino Privado no Porto,Fitness,"R. de Honório de Lima 342, 4200-321 Porto, Portugal",912 557 075,N/A (Google não fornece e-mail diretamente),https://www.tgfitstudio.com/,Google Places API
Kinetic Studio,Fitness,"Rua da Alegria 332, 4000-035 Porto, Portugal",916 014 819,N/A (Google não fornece e-mail diretamente),http://www.kineticstudio.pt/,Google Places API
Inspire Studio,Fitness,"Praceta do Professor Egas Moniz, 30, Avenida da Boavista, 4100-221 Porto, Portugal",927 579 376,N/A (Google não fornece e-mail diretamente),https://inspirestudio.pt/,Google Places API
EVOLVE Personal Training,Fitness,"R. de Domingos Machado 234, 4250-219 Porto, Portugal",916 534 561,N/A (Google não fornece e-mail diretamente),https://www.evolvepersonaltraining.pt/,Google Places API
Prime pt.studio,Fitness,"Rua de Costa Cabral 2228, 4200-218 Porto, Portugal",926 871 646,N/A (Google não fornece e-mail diretamente),N/A,Google Places API
R Space - Estúdios de Treino. Estacionamento gratuito,Fitness,"R. Eng. Ferreira Dias 924 Fração E7, 4100-246 Porto, Portugal",919 321 068,N/A (Google não fornece e-mail diretamente),http://www.rspace.pt/,Google Places API
MG Fitness Studio Antas,Fitness,"Av. de Fernão de Magalhães 2019, 4350-162 Porto, Portugal",937 545 858,N/A (Google não fornece e-mail diretamente),https://www.mgfitnesstudio.com/,Google Places API
Physical Art - Private Fitness Studio,Fitness,"R. de Sobreiras 67, 4150-713 Porto, Portugal",938 107 075,N/A (Google não fornece e-mail diretamente),https://instagram.com/physicalart_privatestudio?utm_medium=copy_link,Google Places API
HARMONY Studio - Physical & Mental care concept,Fitness,"R. Padre Himalaya 112 E, 4100-553 Porto, Portugal",913 240 487,N/A (Google não fornece e-mail diretamente),https://harmonystudio.pt/,Google Places API
Pro Training - Premium Fitness Studio Porto,Fitness,"R. de Cervantes 557, 4050-188 Porto, Portugal",917 431 720,N/A (Google não fornece e-mail diretamente),http://protrainingstudio.pt/,Google Places API
Plenaphorma - Premium Fitness Studio,Fitness,"R. do Monte dos Burgos 227, 4250-316 Porto, Portugal",930 437 385,N/A (Google não fornece e-mail diretamente),http://www.plenaphorma.pt/,Google Places API
Glute Project - Private Fitness Studio,Fitness,"R. Dr. Afonso Cordeiro 109, 4450-005 Matosinhos, Portugal",937 370 304,N/A (Google não fornece e-mail diretamente),http://gluteproject.pt/,Google Places API
Evolution Studio,Fitness,"Rua de Costa Cabral 1956, 4200-248 Porto, Portugal",910 989 678,N/A (Google não fornece e-mail diretamente),https://csofiasilveira.systeme.io/evolutionstudio,Google Places API
Feel Premium Studio,Fitness,"R. Ferreira dos Santos 106, 4300-199 Porto, Portugal",910 634 361,N/A (Google não fornece e-mail diretamente),https://instagram.com/feelpremiumstudio?igshid=YmMyMTA2M2Y=,Google Places API
Vital Fitness Studio AVIZ,Fitness,"Av. da Boavista 3769 L06, 4100-139 Porto, Portugal",915 561 397,N/A (Google não fornece e-mail diretamente),http://www.vitalfs.pt/,Google Places API
eBody Boavista,Fitness,"Boavista Palace Residence, Rua Dr. Emílio Peres, 137, 4050-007 Porto, Portugal",910 569 404,N/A (Google não fornece e-mail diretamente),https://ebody.pt/ebody-boavista/,Google Places API
4Challenge Studio,Fitness,"Tv. Campinas nº49, 4100-146 Porto, Portugal",939 448 593,N/A (Google não fornece e-mail diretamente),http://www.instagram.com/4challenge_studio/profilecard/?igsh=Y3NzaWtyNzVwcjZj,Google Places API
Clínica Médica do Porto,Medicina,"Rua da Venezuela 185, 4150-744 Porto, Portugal",933 213 060,N/A (Google não fornece e-mail diretamente),https://clinicamedicadoporto.pt/,Google Places API
"Clínica Central do Porto, Lda",Medicina,"R. da Firmeza 502, 4000-226 Porto, Portugal",22 208 4503,N/A (Google não fornece e-mail diretamente),http://clinicacentraldoporto.pt/,Google Places API
Hospital da Luz Clínica do Porto,Medicina,"R. Beato Inácio de Azevedo 61 85, 4100-284 Porto, Portugal",21 710 4400,N/A (Google não fornece e-mail diretamente),https://www.hospitaldaluz.pt/porto/pt,Google Places API
Clínica Médica by Nuno Loureiro,Medicina,"Clinica Médica by Nuno Loureiro, Oporto Medical Centre, Av. da Boavista 117 Consultório 304, 4050-115 Porto, Portugal",939 144 977,N/A (Google não fornece e-mail diretamente),https://www.clinicamedicanunoloureiro.pt/,Google Places API
"Porto Clínica - Xavier, Mansilha & Macedo - Clínica Médica, Lda",Medicina,"Rua de Júlio Dinis 826 5º e 6º andar, 4050-322 Porto, Portugal",22 508 8550,N/A (Google não fornece e-mail diretamente),http://www.portoclinica.pt/,Google Places API
Clínica Bessa,Medicina,"Av. do Bessa 171, 4100-012 Porto, Portugal",912 308 905,N/A (Google não fornece e-mail diretamente),http://www.clinicabessa.pt/,Google Places API
Hospital CUF Porto,Medicina,"Estr. da Circunvalação 14341, 4100-180 Porto, Portugal",22 003 9000,N/A (Google não fornece e-mail diretamente),https://www.cuf.pt/hospitais-e-clinicas/hospital-cuf-porto,Google Places API
Clínica ONYX - Porto,Medicina,"Capitólio, Av. da França 352 1º Andar - Sala 1.9, 4050-276 Porto, Portugal",21 589 5075,N/A (Google não fornece e-mail diretamente),http://www.clinicaonyx.com/,Google Places API
Clínica Médica da Foz,Medicina,"R. de Sobreiras 636, 4150-713 Porto, Portugal",22 617 8917,N/A (Google não fornece e-mail diretamente),http://www.cmf.pt/,Google Places API
Hospital Lusíadas Porto,Medicina,"Av. da Boavista 171, 4050-115 Porto, Portugal",22 605 6450,N/A (Google não fornece e-mail diretamente),https://www.lusiadas.pt/hospitais-clinicas/hospital-lusiadas-porto,Google Places API
Bonfim Central Clinic,Medicina,"Av. de Fernão de Magalhães 442, 4349-008 Porto, Portugal",22 510 3411,N/A (Google não fornece e-mail diretamente),https://www.clinicabonfim.pt/contactos/,Google Places API
Clínica Praxis,Medicina,"Portugal, R. do Dr. Carlos Cal Brandão 48, 4050-160 Porto, Portugal",22 609 0129,N/A (Google não fornece e-mail diretamente),http://www.clinicapraxis.pt/,Google Places API
Douro Centro Médico,Medicina,"Av. da Boavista 197 2ºB, 4050-115 Porto, Portugal",22 606 3337,N/A (Google não fornece e-mail diretamente),https://www.dourocentromedico.pt/,Google Places API
Allure Clinic,Medicina,"Av. da Boavista 117 Piso 4, sala 406 Piso 6, sala 605, 4050-115 Porto, Portugal",22 766 4982,N/A (Google não fornece e-mail diretamente),https://www.allureclinic.pt/,Google Places API
CETI - Clínica de Fertilidade,Medicina,"Av. da Boavista 2300, 4100-118 Porto, Portugal",22 607 6530,N/A (Google não fornece e-mail diretamente),https://www.ceti.pt/,Google Places API
"Clínica Médico - Cirúrgica João De Deus, Lda.",Medicina,"Av. do Bessa 149, 4100-462 Porto, Portugal",22 600 7777,N/A (Google não fornece e-mail diretamente),N/A,Google Places API
Clinica Médica Jardim,Medicina,"Av. Fontes Pereira de Melo 482, 4100-260 Porto, Portugal",961 227 251,N/A (Google não fornece e-mail diretamente),https://www.clinicamedicajardim.com/a-clinica-porto/,Google Places API
Oporto Medical Centre,Medicina,"Av. da Boavista 117, 4050-112 Porto, Portugal",22 600 8183,N/A (Google não fornece e-mail diretamente),N/A,Google Places API
Clínica do Campo Alegre,Medicina,"Rua do Campo Alegre 942, 4150-172 Porto, Portugal",910 018 551,N/A (Google não fornece e-mail diretamente),http://www.clinicadocampoalegre.pt/,Google Places API
São João University Hospital,Medicina,"Alameda Prof. Hernâni Monteiro, 4200-319 Porto, Portugal",22 551 2100,N/A (Google não fornece e-mail diretamente),http://www.chusj.pt/,Google Places API
Dentist Martha Novais,Medicina,"Rua D. João IV, 461 R/ch, 4000-302 Porto, Portugal",918 393 131,N/A (Google não fornece e-mail diretamente),http://martanovais.pt/,Google Places API
Clínica Bessa,Medicina,"Av. do Bessa 171, 4100-012 Porto, Portugal",912 308 905,N/A (Google não fornece e-mail diretamente),http://www.clinicabessa.pt/,Google Places API
Molar Clinic,Medicina,"Estr. da Circunvalação 7664, 4200-162 Porto, Portugal",913 217 070,N/A (Google não fornece e-mail diretamente),http://molar.pt/,Google Places API
Instituto Areluna | Clínica Dentária e Estética Avançada - Mota Galiza,Medicina,"Rua de Júlio Dinis 190 R/C, 4050-027 Porto, Portugal",966 939 539,N/A (Google não fornece e-mail diretamente),https://institutoareluna.pt/,Google Places API
Clínica Dentária Jorge Moura,Medicina,"R. de Santa Catarina 594, 4000-446 Porto, Portugal",22 332 1834,N/A (Google não fornece e-mail diretamente),https://clinicajorgemoura.constantcircle.co/,Google Places API
Smile More Porto,Medicina,"R. de Alexandre Braga 124 1. Andar, 4200-049 Porto, Portugal",914 103 928,N/A (Google não fornece e-mail diretamente),https://smilemoreclinic.pt/lp-porto-melhor-preco-aparelho,Google Places API
DENTAL LIGHT PORTO,Medicina,"Rua de Júlio Dinis 569, 4050-012 Porto, Portugal",912 060 000,N/A (Google não fornece e-mail diretamente),http://www.dentallight.pt/,Google Places API
"Clínica Médico Dentária Dr. Abílio Pinha de Almeida, Lda.",Medicina,"R. do Cerco do Porto 24 1.º Andar, 4300-113 Porto, Portugal",22 537 2728,N/A (Google não fornece e-mail diretamente),http://www.projetamossorrisos.pt/,Google Places API
Clínica Raiz - Medicina Dentária,Medicina,"Tv. da Prelada 636, 4250-377 Porto, Portugal",910 162 145,N/A (Google não fornece e-mail diretamente),http://www.clinicaraiz.pt/,Google Places API
IFACLINIC - Alinhadores Invisíveis,Medicina,"R. de 5 de Outubro 139, 4100-175 Porto, Portugal",22 114 0070,N/A (Google não fornece e-mail diretamente),https://www.ifaclinic.com/,Google Places API
Clínica Dr. João Neto,Medicina,"Av. da Boavista 834, 4400-320 Porto, Portugal",929 190 013,N/A (Google não fornece e-mail diretamente),http://clinicadrjoaoneto.pt/,Google Places API
Dental Clinic Medical Da Prelada Lda,Medicina,"Rua Arquitecto João Andresen 76, 4250-242 Porto, Portugal",22 832 8031,N/A (Google não fornece e-mail diretamente),http://dentista.com.pt/,Google Places API
Clínica da Boca - Dentista Porto,Medicina,"Rua de Camões n.º 216, 4000-138 Porto, Portugal",22 240 5122,N/A (Google não fornece e-mail diretamente),http://oraldouro.pt/,Google Places API
Clínica Dentária Cerejeira & Leão,Medicina,"Rua de Camões 117 115R/C, 4000-144 Porto, Portugal",22 332 0731,N/A (Google não fornece e-mail diretamente),https://www.clinicacerejeiraeleao.pt/,Google Places API
Clínica PCMFG Medicina Dentária,Medicina,"Rua da Venezuela 249, 4150-744 Porto, Portugal",22 600 1616,N/A (Google não fornece e-mail diretamente),http://www.clinicapcmfg.com/,Google Places API
"OralKlass, Clínicas Dentárias - Porto",Medicina,"R. de Santa Catarina Nº635, 4000-272 Porto, Portugal",22 208 7410,N/A (Google não fornece e-mail diretamente),https://www.oralklass.pt/,Google Places API
Clínica Ruy Garcia,Medicina,"R. de Damião de Góis 270, 4050-223 Porto, Portugal",913 555 245,N/A (Google não fornece e-mail diretamente),N/A,Google Places API
"CEMDEI - Medicina Dentária, Porto",Medicina,"R. César das Neves 150 Sala 2, 4200-002 Porto, Portugal",22 509 4595,N/A (Google não fornece e-mail diretamente),http://www.cemdei.com/,Google Places API
IDP - Instituto Dentário de Paranhos (Clínica Prof. Mário Jorge Silva),Medicina,"Rua do Amial 283 2º DTO, 4200-060 Porto, Portugal",22 834 9080,N/A (Google não fornece e-mail diretamente),https://clinica-profmariojorgesilva.pt/,Google Places API
Clínica Prof. Machado Capelas - Medicina Dentária,Medicina,"Praça de Dom João I 25 3º, 4000-295 Porto, Portugal",22 200 8966,N/A (Google não fornece e-mail diretamente),http://www.machadocapelas.pt/,Google Places API
FISIOVIDA,Medicina,"Av. de Fernão de Magalhães nº 460 2º/3º, 4300-189 Porto, Portugal",22 510 8870,N/A (Google não fornece e-mail diretamente),http://fisiovida.pt/,Google Places API
MoviMente Porto - Clínica de Fisioterapia e Pilates | Rede Movimente,Medicina,"Av. da França 256 Andar -1 , Loja 19, 4050-276 Porto, Portugal",232 112 277,N/A (Google não fornece e-mail diretamente),https://www.movimente.pt/,Google Places API
Fisicamente Centro Terapêutico,Medicina,"Avenida da França nº 256 Piso 2 Sala 2.3 e 2.4, 4050-276 Porto, Portugal",918 425 885,N/A (Google não fornece e-mail diretamente),https://www.fisicamentesaude.pt/,Google Places API
Qiuman Fisioterapia Pélvica e Saúde Integrativa da Mulher no Porto,Medicina,"Rua da Saudade 59 4º Andar, Sala 41, 4050-570 Porto, Portugal",911 579 641,N/A (Google não fornece e-mail diretamente),https://qiuman.pt/,Google Places API
Rekovery - Fisioterapia,Medicina,"Rua da Natária 135, 4250-327 Porto, Portugal",929 356 358,N/A (Google não fornece e-mail diretamente),https://rekovery.odoo.com/,Google Places API
Fisioterapia Eduardo Castro,Medicina,"R. de Cunha Júnior 15 Fórum, 4250-186 Porto, Portugal",938 402 233,N/A (Google não fornece e-mail diretamente),http://www.fisioterapiaporto.pt/,Google Places API
KISaúde Porto,Medicina,"Edifício Capitólio, Av. da França 256 Piso -1 Loja 20, 4050-276 Porto, Portugal",912 944 494,N/A (Google não fornece e-mail diretamente),http://www.kisaude.pt/,Google Places API
Fisio2you,Medicina,"Rua de Costa Cabral 2593 4350, 4200-233 Porto, Portugal",933 504 820,N/A (Google não fornece e-mail diretamente),https://fisio2you.com/,Google Places API
MYO CLINIC Porto-Boavista - Exercício com Saúde,Medicina,"R. António Bessa Leite 1204, 4150-072 Porto, Portugal",910 178 070,N/A (Google não fornece e-mail diretamente),http://www.myoclinics.pt/,Google Places API
Fisiointegral,Medicina,"R. do Conselheiro Veloso da Cruz 633, 4400-095 Vila Nova de Gaia, Portugal",939 131 109,N/A (Google não fornece e-mail diretamente),http://fisiointegral.pt/,Google Places API
Centro de Medicina Física e Reabilitação do Carvalhido Porto,Medicina,"R. de Nossa Sra. de Fátima 274, 4050-426 Porto, Portugal",22 831 1066,N/A (Google não fornece e-mail diretamente),N/A,Google Places API
"Naturalfisio, Unipessoal Lda.",Medicina,"R. do Monte Cativo 407, 4050-403 Porto, Portugal",22 831 4298,N/A (Google não fornece e-mail diretamente),http://naturalfisio.pt/,Google Places API
Jorge Ribas-fisioterapeutas Lda.,Medicina,"R. João Grave 107, 4100-132 Porto, Portugal",22 600 8683,N/A (Google não fornece e-mail diretamente),N/A,Google Places API
Porto Physio Center - Jorge Ribas,Medicina,"Av. da Boavista nº 1539, 4100-131 Porto, Portugal",916 604 709,N/A (Google não fornece e-mail diretamente),http://www.portophysiocenter.pt/,Google Places API
FitFisio,Medicina,"R. Júlio Lourenço Pinto 176A, 4150-004 Porto, Portugal",912 663 686,N/A (Google não fornece e-mail diretamente),N/A,Google Places API
Clínica Fisiátrica das Antas,Medicina,"R. Carlos Malheiro Dias 329, 4200-154 Porto, Portugal",22 509 7359,N/A (Google não fornece e-mail diretamente),N/A,Google Places API
"Clinica Medicina Fisica Edgar Tamegão, Lda.",Medicina,"R. de Gonçalo Cristóvão 90, 4000-408 Porto, Portugal",22 205 4727,N/A (Google não fornece e-mail diretamente),http://www.esferasaude.pt/,Google Places API
Valle Saúde,Medicina,"Tv. da Figueirôa 40, 4050-257 Porto, Portugal",969 720 170,N/A (Google não fornece e-mail diretamente),N/A,Google Places API
Physioclinic - Fisioterapia Avançada,Medicina,"R. de 5 de Outubro 357, 4100-175 Porto, Portugal",912 000 116,N/A (Google não fornece e-mail diretamente),https://physioclinicporto.pt/,Google Places API
Nuno Lobo Ribeiro - Fisioterapia Desportiva,Medicina,"Rua de Sarmento de Beires 84, 4250-448 Porto, Portugal",918 254 552,N/A (Google não fornece e-mail diretamente),N/A,Google Places API
União Clube Eirense,Futebol,"3020 Coimbra, Portugal",N/A,N/A (Google não fornece e-mail diretamente),N/A,Google Places API
Associação Académica de Coimbra - Organismo Autónomo de Futebol,Futebol,"R. Dom Manuel I 3, Fonte da Cheira, 3030-320 Coimbra, Portugal",239 793 890,N/A (Google não fornece e-mail diretamente),https://www.academica-oaf.pt/,Google Places API
Olivais Futebol Clube,Futebol,"R. Bernardo de Albuquerque 165, Celas, 3000-072 Coimbra, Portugal",966 220 340,N/A (Google não fornece e-mail diretamente),N/A,Google Places API
Recreational Association Casaense,Futebol,"25 de Abril - Estremão, 3045-163 Coimbra, Portugal",917 543 780,N/A (Google não fornece e-mail diretamente),http://www.arcasaense.pt/,Google Places API
Sede Esperança Atlético Clube,Futebol,"Rua Lagar S/N 3045-000 Coimbra, Portugal R. D. Pedro 95 rch, 3045-055 Coimbra, Portugal",965 807 374,N/A (Google não fornece e-mail diretamente),http://facebook.com/EsperancaAtleticoClube,Google Places API
Pavilhão do CF União de Coimbra,Futebol,"Pavilhão CFUC, R. Infanta Dona Maria, Fonte da Cheira, 3030-207 Coimbra, Portugal",239 406 705,N/A (Google não fornece e-mail diretamente),https://uniaodecoimbra.footeo.com/,Google Places API
Associação de Futebol de Coimbra,Futebol,"R. São Lourenço, 3045-478 Taveiro, Portugal",239 853 680,N/A (Google não fornece e-mail diretamente),http://www.afcoimbra.com/,Google Places API
Grupo Recreativo O Vigor da Mocidade,Futebol,"R. Campo do Vigor 39, 3045-024 Coimbra, Portugal",910 240 784,N/A (Google não fornece e-mail diretamente),https://vigordamocidade.pt/,Google Places API
Associação Académica de Coimbra / OAF,Futebol,"Academia Briosa XXI Estrada Nacional 111-1 Campos do Bolão, 3025-300 Coimbra, Portugal",239 793 890,N/A (Google não fornece e-mail diretamente),http://www.academica-oaf.pt/,Google Places API
Campo de Futebol - Hospital dos Covões,Futebol,"R. Carminé de Miranda 55, 3045 Coimbra, Portugal",933 463 244,N/A (Google não fornece e-mail diretamente),N/A,Google Places API
Casa FC Porto Coimbra,Futebol,"Av. Fernando Namora 57 R/C Esq, 3030-185 Coimbra, Portugal",965 467 363,N/A (Google não fornece e-mail diretamente),http://www.dragoesdecoimbra.com/,Google Places API
Grupo Desportivo Vigor Da Mocidade - Campo Dos Sardões,Futebol,"R. Campo do Vigor 45, 3045-279 Coimbra, Portugal",N/A,N/A (Google não fornece e-mail diretamente),N/A,Google Places API
Clube Fluvial Coimbra,Futebol,"Parque do Choupalinho, 3040 Coimbra, Portugal",912 626 410,N/A (Google não fornece e-mail diretamente),http://www.cfcoimbra.com/,Google Places API
Sports Complex Ançã Football Club,Futebol,"Bairro São Bento 10, 3060-022 Ançã, Portugal",914 277 391,N/A (Google não fornece e-mail diretamente),https://www.facebook.com/p/Anca-Futebol-Clube-Ferryaco-100063354752267/,Google Places API
Union Football Club,Futebol,"R. Feira Nova 106, 3360, Portugal",N/A,N/A (Google não fornece e-mail diretamente),N/A,Google Places API
Clube Desportivo de Celas,Futebol,"R. Bernardo de Albuquerque 28, Celas, 3030 Coimbra, Portugal",N/A,N/A (Google não fornece e-mail diretamente),N/A,Google Places API
Pavilion CS Sao Joao,Futebol,"R. Mártires da Tragédia Mondego 31, 3045-091 Coimbra, Portugal",239 440 328,N/A (Google não fornece e-mail diretamente),https://www.facebook.com/CentroSocialSaoJoao/,Google Places API
Pavilhão Clube Santa Clara,Futebol,"R. Cap. Salgueiro Maia 22, 3040-005 Coimbra, Portugal",N/A,N/A (Google não fornece e-mail diretamente),N/A,Google Places API
Pavilhão 1 - Estádio Universitário,Futebol,"Universidade de Coimbra, 3004-531 Santa Clara, Portugal",N/A,N/A (Google não fornece e-mail diretamente),https://www.uc.pt/estadiouniversitario/ModalidadesDesportivas,Google Places API
Sporting Clube Ribeirense,Futebol,"R. Santiago 109, 3045-442 Ribeira de Frades, Portugal",915 688 823,N/A (Google não fornece e-mail diretamente),http://scribeirense.blogspot.pt/,Google Places API
Associação Académica de Coimbra / OAF,Futebol,"Academia Briosa XXI Estrada Nacional 111-1 Campos do Bolão, 3025-300 Coimbra, Portugal",239 793 890,N/A (Google não fornece e-mail diretamente),http://www.academica-oaf.pt/,Google Places API
Associação Académica de Coimbra - Organismo Autónomo de Futebol,Futebol,"R. Dom Manuel I 3, Fonte da Cheira, 3030-320 Coimbra, Portugal",239 793 890,N/A (Google não fornece e-mail diretamente),https://www.academica-oaf.pt/,Google Places API
Recreational Association Casaense,Futebol,"25 de Abril - Estremão, 3045-163 Coimbra, Portugal",917 543 780,N/A (Google não fornece e-mail diretamente),http://www.arcasaense.pt/,Google Places API
N10 - Football Academy,Futebol,"R. Constituição 1, 3000 Coimbra, Portugal",239 496 378,N/A (Google não fornece e-mail diretamente),http://www.n10.pt/,Google Places API
Pavilion CS Sao Joao,Futebol,"R. Mártires da Tragédia Mondego 31, 3045-091 Coimbra, Portugal",239 440 328,N/A (Google não fornece e-mail diretamente),https://www.facebook.com/CentroSocialSaoJoao/,Google Places API
Grupo Recreativo O Vigor da Mocidade,Futebol,"R. Campo do Vigor 39, 3045-024 Coimbra, Portugal",910 240 784,N/A (Google não fornece e-mail diretamente),https://vigordamocidade.pt/,Google Places API
Pavilhão Clube Santa Clara,Futebol,"R. Cap. Salgueiro Maia 22, 3040-005 Coimbra, Portugal",N/A,N/A (Google não fornece e-mail diretamente),N/A,Google Places API
Centro Norton de Matos,Futebol,"R. Vasco da Gama 58, 3030-074 Coimbra, Portugal",932 062 845,N/A (Google não fornece e-mail diretamente),http://www.cnm.pt/,Google Places API
Campo de futsal (Descoberto),Futebol,"Bairro Caixa Previdência H, 3030-074 Coimbra, Portugal",N/A,N/A (Google não fornece e-mail diretamente),N/A,Google Places API
União Clube Eirense,Futebol,"3020 Coimbra, Portugal",N/A,N/A (Google não fornece e-mail diretamente),N/A,Google Places API
Olivais Futebol Clube,Futebol,"R. Bernardo de Albuquerque 165, Celas, 3000-072 Coimbra, Portugal",966 220 340,N/A (Google não fornece e-mail diretamente),N/A,Google Places API
Estádio Universitário de Coimbra,Futebol,"Pavilhão 1 - Estádio Universitário de Coimbra s/n, 3040-256 Coimbra, Portugal",239 441 406,N/A (Google não fornece e-mail diretamente),https://desporto.uc.pt/,Google Places API
Loja Associação Académica de Coimbra - O.A.F.,Futebol,"R. Dom Manuel I 3, Fonte da Cheira, 3030-320 Coimbra, Portugal",239 090 341,N/A (Google não fornece e-mail diretamente),https://loja.academica-oaf.pt/,Google Places API
Escola de Atletismo de Coimbra,Futebol,"Rua 25 de Abril - Estremão, Casais do Campo, 3045-163 Coimbra, Portugal",917 543 780,N/A (Google não fornece e-mail diretamente),http://escolaatletismocoimbra.blogspot.pt/,Google Places API
Associação Académica de Coimbra,Futebol,"R. Padre António Vieira 1, 3000-315 Coimbra, Portugal",239 851 050,N/A (Google não fornece e-mail diretamente),http://www.academica.pt/,Google Places API
N10- Futebol Indoor e Festas,Futebol,"3020-501 Coimbra, Portugal",239 496 378,N/A (Google não fornece e-mail diretamente),http://www.n10.pt/,Google Places API
Sporting Clube Ribeirense,Futebol,"R. Santiago 109, 3045-442 Ribeira de Frades, Portugal",915 688 823,N/A (Google não fornece e-mail diretamente),http://scribeirense.blogspot.pt/,Google Places API
Grupo Desportivo Vigor Da Mocidade - Campo Dos Sardões,Futebol,"R. Campo do Vigor 45, 3045-279 Coimbra, Portugal",N/A,N/A (Google não fornece e-mail diretamente),N/A,Google Places API
Campo Comendador Eduardo Filipe - Complexo Desportivo EAC,Futebol,"R. Lagar 97, 3045-093 Coimbra, Portugal",N/A,N/A (Google não fornece e-mail diretamente),http://facebook.com/EsperancaAtleticoClube,Google Places API
Academia Cristiano Ronaldo - Sporting CP,Futebol,"Estr. Malhada de Meias 2890, 2890-529 Alcochete, Portugal",21 232 7400,N/A (Google não fornece e-mail diretamente),https://www.sporting.pt/pt/clube/infraestruturas/academia,Google Places API
Go Gym Coimbra,Fitness,"Alma Shopping, R. Dom João III 79, Fonte da Cheira, 3030-329 Coimbra, Portugal",926 595 648,N/A (Google não fornece e-mail diretamente),https://www.gogym.pt/,Google Places API
Ginásio PHIVE CELAS | Coimbra,Fitness,"R. Dr. António José de Almeida 202, 3000-042 Coimbra, Portugal",300 505 180,N/A (Google não fornece e-mail diretamente),http://www.phive.pt/,Google Places API
Nelson Gym,Fitness,"lado nascente, Pavilhão Eng. Jorge Anjinho, R. Infanta Dona Maria nº23, Fonte da Cheira, 3030-330 Coimbra, Portugal",239 165 996,N/A (Google não fornece e-mail diretamente),https://nelsongym1985.wixsite.com/ginasiocoimbra,Google Places API
Ginásio VivaGym Coimbra,Fitness,"Av. Mendes Silva 211 251, Alto de São João, 3030-193 Coimbra, Portugal",N/A,N/A (Google não fornece e-mail diretamente),https://www.vivagym.pt/gimnasios/coimbra?utm_source=google&utm_medium=organic&utm_campaign=gmb-coimbra-vivagym,Google Places API
Phive Tears Health Club,Fitness,"Quinta das Lágrimas Residências, lote 12, 3040-387 Coimbra, Portugal",300 505 180,N/A (Google não fornece e-mail diretamente),http://www.phive.pt/,Google Places API
Ginasio BodyFitness,Fitness,"Estr. Eiras 212, 3020-107 Coimbra, Portugal",910 995 020,N/A (Google não fornece e-mail diretamente),N/A,Google Places API
Fit & Fun Coimbra,Fitness,"Alto do, R. da Escola, 3030-011 Coimbra, Portugal",917 195 211,N/A (Google não fornece e-mail diretamente),N/A,Google Places API
Physically Health Club,Fitness,"Rua F nº 24 - A Bairro das Flores, Espirito Santo das Touregas, 3045-517 Coimbra, Portugal",239 445 457,N/A (Google não fornece e-mail diretamente),http://www.fisicamente.pt/,Google Places API
Ginásio Element Gyms Coimbra Arcos,Fitness,"Largo Santana 2, 3000-360 Coimbra, Portugal",N/A,N/A (Google não fornece e-mail diretamente),https://www.elementgyms.pt/,Google Places API
Ginásio HUC,Fitness,"Casa do Pessoal do HUC, Praceta Prof Dr Mota Pinto, Celas, 3000-075 Coimbra, Portugal",239 481 259,N/A (Google não fornece e-mail diretamente),http://www.ginasiohuc.pt/,Google Places API
Ginásio Solinca Classic Coimbra,Fitness,"R. Dom João III, Fonte da Cheira, 3030-324 Coimbra, Portugal",936 147 858,N/A (Google não fornece e-mail diretamente),https://www.solinca.pt/solinca-ginasios/,Google Places API
MSC fitness,Fitness,"Portugal, Coimbra, Urb R. Q.ta da Portela Lote 9.2邮政编码: 3030-481",N/A,N/A (Google não fornece e-mail diretamente),N/A,Google Places API
Krush It Coimbra,Fitness,"Av. José Bonifácio de Andrade e Silva nº1 Loja 2.28, 3040-389 Coimbra, Portugal",911 092 462,N/A (Google não fornece e-mail diretamente),http://www.krushit.pt/,Google Places API
Best Sports Training,Fitness,"Pedrulha, 3025-662 Coimbra, Portugal",913 502 542,N/A (Google não fornece e-mail diretamente),N/A,Google Places API
Callisthenics Park,Fitness,"3040 Coimbra, Portugal",N/A,N/A (Google não fornece e-mail diretamente),N/A,Google Places API
Secção de Cultura Física AAC,Fitness,"Estádio Universitário de Coimbra, 3040-248 Coimbra, Portugal",N/A,N/A (Google não fornece e-mail diretamente),https://www.facebook.com/Sec%C3%A7%C3%A3o-de-Cultura-F%C3%ADsica-Associa%C3%A7%C3%A3o-Acad%C3%A9mica-de-Coimbra,Google Places API
Supera Coimbra Sports Center,Fitness,"Av. Mendes Silva 391, Alto de São João, 3030-193 Coimbra, Portugal",000000000,N/A (Google não fornece e-mail diretamente),https://centrosupera.pt/coimbra/,Google Places API
Nexgym Kickboxing Arena De Coimbra,Fitness,"R. Mondego, 3030-249 Coimbra, Portugal",916 427 702,N/A (Google não fornece e-mail diretamente),http://www.academianexgym.pt/,Google Places API
Ginásio Element Gyms Coimbra Solum,Fitness,"R. Infanta Dona Maria 460, 3030-330 Coimbra, Portugal",N/A,N/A (Google não fornece e-mail diretamente),https://elementgyms.pt/,Google Places API
RBFitness,Fitness,"R. de Angola 31B, 3030-037 Coimbra, Portugal",916 588 652,N/A (Google não fornece e-mail diretamente),https://rbnfitness.simplybook.it/,Google Places API
2Scorpions Personal Training Studio,Fitness,"R. Dr. Rosa Falcão 26 a 32, 3000-001 Coimbra, Portugal",918 959 726,N/A (Google não fornece e-mail diretamente),https://2scorpions.pt/,Google Places API
Studio Um Coimbra,Fitness,"R. Dom João III 5B, Fonte da Cheira, 3030-329 Coimbra, Portugal",924 356 236,N/A (Google não fornece e-mail diretamente),N/A,Google Places API
Bodyrise Studio,Fitness,"R. do Cardal 24 Sala 1.1, Pedrulha, 3025-007 Coimbra, Portugal",911 902 215,N/A (Google não fornece e-mail diretamente),N/A,Google Places API
Sky.studio,Fitness,"R. Cap. Luís Gonzaga 10, Celas, 3000-095 Coimbra, Portugal",917 909 851,N/A (Google não fornece e-mail diretamente),https://skystudio.pt/,Google Places API
Catela Personal Training Studio,Fitness,"Travessa dos Combatentes da Grande Guerra, Nr 23, Torre A, Loja 4, 3030-182 Coimbra, Portugal",912 258 417,N/A (Google não fornece e-mail diretamente),http://www.catelaptstudio.com/,Google Places API
Moisés Lourenço Premium Studio,Fitness,"R. Maria Victória Bourbon Bobone 15.6 loja B, 3030-502 Coimbra, Portugal",917 509 864,N/A (Google não fornece e-mail diretamente),N/A,Google Places API
Personal Trainer e Fisiologista - Diogo Mano,Fitness,"Praceta Carlos da Mota Pinto, Celas, 3001-301 Coimbra, Portugal",917 786 788,N/A (Google não fornece e-mail diretamente),https://diogomanopt.carrd.co/,Google Places API
Personal Trainer Sara Oliveira - Corporalma,Fitness,"3000 Coimbra, Portugal",N/A,N/A (Google não fornece e-mail diretamente),https://www.facebook.com/perfeitaimperfeicao.by.saraoliveira/,Google Places API
THE FIRST Training Studio,Fitness,"Rua Princesa Cindazunda 55 lote16.6, loja2, 3030-503 Coimbra, Portugal",913 283 572,N/A (Google não fornece e-mail diretamente),https://thefirst.pt/,Google Places API
RD Studio,Fitness,"Av. Elísio de Moura 317 Loja 5, 3030-183 Coimbra, Portugal",N/A,N/A (Google não fornece e-mail diretamente),https://www.instagram.com/rdstudio.pt,Google Places API
Best Sports Training,Fitness,"Pedrulha, 3025-662 Coimbra, Portugal",913 502 542,N/A (Google não fornece e-mail diretamente),N/A,Google Places API
Reload - Exercício e Saúde,Fitness,"R. Augusto Marques Bom 15 Loja 1, 3030-218 Coimbra, Portugal",923 396 747,N/A (Google não fornece e-mail diretamente),https://www.reload.com.pt/,Google Places API
"WELVY - Centro de Treino, Saúde e Bem-Estar",Fitness,"R. Francisco Sá Carneiro 140, Celas, 3000-194 Coimbra, Portugal",239 132 114,N/A (Google não fornece e-mail diretamente),http://www.welvy.pt/,Google Places API
Focus - Training on your goal,Fitness,"Bairro Caixa Previdência 4, 3030-074 Coimbra, Portugal",N/A,N/A (Google não fornece e-mail diretamente),N/A,Google Places API
ArenaFit by Hugo Santos,Fitness,"R. Manuel Madeira, 3020-390 Coimbra, Portugal",939 414 570,N/A (Google não fornece e-mail diretamente),https://www.facebook.com/ArenaFit-by-Hugo-Santos-113362696802820/,Google Places API
MSC fitness,Fitness,"Portugal, Coimbra, Urb R. Q.ta da Portela Lote 9.2邮政编码: 3030-481",N/A,N/A (Google não fornece e-mail diretamente),N/A,Google Places API
Ginasio BodyFitness,Fitness,"Estr. Eiras 212, 3020-107 Coimbra, Portugal",910 995 020,N/A (Google não fornece e-mail diretamente),N/A,Google Places API
THE CORE HEALTH PERFORMANCE WELLNESS,Fitness,"R. Combatentes da Grande Guerra 113 Loja 3, 3030-181 Coimbra, Portugal",917 921 622,N/A (Google não fornece e-mail diretamente),N/A,Google Places API
RBFitness,Fitness,"R. de Angola 31B, 3030-037 Coimbra, Portugal",916 588 652,N/A (Google não fornece e-mail diretamente),https://rbnfitness.simplybook.it/,Google Places API
kaos pilates & wellness,Fitness,"R. Carlos Seixas 109, 3030-177 Coimbra, Portugal",N/A,N/A (Google não fornece e-mail diretamente),http://www.kaospilates.pt/,Google Places API
Clinica Montes Claros,Medicina,"R. Dom Manuel I 8, Fonte da Cheira, 3030-320 Coimbra, Portugal",239 851 220,N/A (Google não fornece e-mail diretamente),https://www.clinicademontesclaros.pt/,Google Places API
Lifefocus - Coimbra,Medicina,"R. Dom Manuel I 8, Fonte da Cheira, 3030-320 Coimbra, Portugal",22 316 5230,N/A (Google não fornece e-mail diretamente),https://www.lifefocus.pt/unidades/lifefocus-coimbra/,Google Places API
Instituto Médico de Coimbra,Medicina,"Rua do Brasil 133 3000, 3000 Coimbra, Portugal",924 397 851,N/A (Google não fornece e-mail diretamente),N/A,Google Places API
Clinical Persona Coimbra,Medicina,"Av. Elísio de Moura 357, 3030-183 Coimbra, Portugal",918 929 608,N/A (Google não fornece e-mail diretamente),http://www.clinicaspersona.com/,Google Places API
Clínica Doutora piolhos - Coimbra,Medicina,"Av. Mendes Silva, Alto de São João, 3030-193 Coimbra, Portugal",933 847 903,N/A (Google não fornece e-mail diretamente),https://www.clinicadoutorapiolhos.com/,Google Places API
Cedra,Medicina,"R. Dom João III 4, Fonte da Cheira, 3030-329 Coimbra, Portugal",239 484 491,N/A (Google não fornece e-mail diretamente),http://www.cedra.com.pt/,Google Places API
Ofidia - clínica médica,Medicina,"R. Edmundo Bettencourt 26b, Celas, 3000-606 Coimbra, Portugal",910 223 912,N/A (Google não fornece e-mail diretamente),http://www.ofidia.pt/,Google Places API
Clínica Fleming | Espaço de Saúde Integrado,Medicina,"R. Miguel Torga 80 lote 4 r/c esquerdo, 3030-165 Coimbra, Portugal",912 640 653,N/A (Google não fornece e-mail diretamente),http://www.clinicafleming.pt/,Google Places API
C3 - Centro Clínico de Coimbra,Medicina,"Quinta das Varandas, Av. Cónego Urbano Duarte 65, 3030-243 Coimbra, Portugal",239 095 218,N/A (Google não fornece e-mail diretamente),https://www.c3-centroclinicocoimbra.com/,Google Places API
Hospital da Luz Coimbra,Medicina,"Praceta Professor Robalo Cordeiro, 3020-479 Coimbra, Portugal",21 710 4400,N/A (Google não fornece e-mail diretamente),https://www.hospitaldaluz.pt/coimbra/pt,Google Places API
"Instituto Medicina Integrativa - Dr. Diogo Amorim, Lda",Medicina,"R. Augusto Filipe Simões 19, 3000-186 Coimbra, Portugal",239 045 270,N/A (Google não fornece e-mail diretamente),http://www.medicinaintegrativa.pt/,Google Places API
MediCapilar Coimbra - Transplantes Capilares Avançados,Medicina,"Alameda Armando Gonsalves 10, Celas, 3000-059 Coimbra, Portugal",239 245 589,N/A (Google não fornece e-mail diretamente),https://www.medicapilar.pt/,Google Places API
"A.R.-Clinicoimbra, Clínica Médica E Ocupacional, Unipessoal Lda.",Medicina,"Av. Calouste Gulbenkian 60, Celas, 3030 Coimbra, Portugal",239 481 325,N/A (Google não fornece e-mail diretamente),N/A,Google Places API
Clínica de Saúde Psiquiátrica de Coimbra,Medicina,"R. Ferreira de Castro N°41, 3020-098 Coimbra, Portugal",915 200 100,N/A (Google não fornece e-mail diretamente),http://www.casadaoliveira-cspc.pt/,Google Places API
CLÍNICA ESTÁDIO,Medicina,"R. Avelar Brotero 18-34, Fonte da Cheira, 3000 Coimbra, Portugal",239 406 272,N/A (Google não fornece e-mail diretamente),N/A,Google Places API
Clínica Santa Filomena - Olivais,Medicina,"Calçada Gato lote 2, 3000-199 Coimbra, Portugal",239 851 650,N/A (Google não fornece e-mail diretamente),https://sanfilmedicina.pt/,Google Places API
Clínica das Rosas,Medicina,"R. Maria Victória Bourbon Bobone 15.8 Loja A, 3030-502 Coimbra, Portugal",962 714 903,N/A (Google não fornece e-mail diretamente),N/A,Google Places API
"Clínica Oftalmológica Joaquim Mira, S.A.",Medicina,"R. São Teotónio 12, Celas, 3030 Coimbra, Portugal",239 488 020,N/A (Google não fornece e-mail diretamente),https://www.clinicajoaquimmira.com/,Google Places API
Clínica Delille - Medicina Dentária e Implantologia,Medicina,"R. Monsenhor Augusto Nunes Pereira 3030, 3030-779 Coimbra, Portugal",239 488 010,N/A (Google não fornece e-mail diretamente),http://clinicadelille.pt/,Google Places API
"Intercir - Centro Cirurgico de Coimbra, S.A.",Medicina,"R. Dr. Manuel Campos Pinheiro 51, 3045-089 Coimbra, Portugal",239 802 700,N/A (Google não fornece e-mail diretamente),http://www.ccci.pt/,Google Places API
Clínica Delille - Medicina Dentária e Implantologia,Medicina,"R. Monsenhor Augusto Nunes Pereira 3030, 3030-779 Coimbra, Portugal",239 488 010,N/A (Google não fornece e-mail diretamente),http://clinicadelille.pt/,Google Places API
Clínica Dentária Sónia Alves,Medicina,"Rua Virgílio Correia, 1, R/Ch, 3000-413 Coimbra, Portugal",239 482 725,N/A (Google não fornece e-mail diretamente),https://www.soniaalves.com/,Google Places API
Clínica Prisma,Medicina,"R. Pêro Vaz de Caminha 19, 3030-200 Coimbra, Portugal",910 239 239,N/A (Google não fornece e-mail diretamente),https://www.clinicaprisma.pt/,Google Places API
Clínica Médica e Dentária da Conchada,Medicina,"R. Guilherme Gomes Fernandes 3 A-B loja A, 3000-209 Coimbra, Portugal",927 145 457,N/A (Google não fornece e-mail diretamente),N/A,Google Places API
EASY SMILE SOLUM,Medicina,"RUA OCTAVIANO DE SÁ Nº6 LOJA B, 3030-027 Coimbra, Portugal",919 919 983,N/A (Google não fornece e-mail diretamente),https://easysmile-solum.pt/,Google Places API
Clínica Dentária OralMED Coimbra,Medicina,"Av. Fernão de Magalhães 264, 3000-176 Coimbra, Portugal",239 835 272,N/A (Google não fornece e-mail diretamente),http://www.oralmed.pt/coimbra,Google Places API
Clínica das Rosas,Medicina,"R. Maria Victória Bourbon Bobone 15.8 Loja A, 3030-502 Coimbra, Portugal",962 714 903,N/A (Google não fornece e-mail diretamente),N/A,Google Places API
Almedina - Clínica Médico Dentária,Medicina,"Galerias Topázio, R. Olivença 21 sala 309, 3° andar, 3000-018 Coimbra, Portugal",239 826 838,N/A (Google não fornece e-mail diretamente),http://www.almedinaclinicamedicodentaria.pt/,Google Places API
Santa Magdalena,Medicina,"Av. José Bonifácio de Andrade e Silva 1 Loja 048, 3040-389 Coimbra, Portugal",239 800 901,N/A (Google não fornece e-mail diretamente),https://www.santamadalena.pt/pt/clinicas/coimbra-forum,Google Places API
Sonirriso-clínica De Medicina Dentária Lda,Medicina,"Estr. Eiras 480, 3020-199 Coimbra, Portugal",239 492 835,N/A (Google não fornece e-mail diretamente),N/A,Google Places API
"Dental House, Clínica De Medicina Dentária, Lda.",Medicina,"Centro Comercial. D .Dinis, Av. Fernão de Magalhães 170 º - Lj 17, 3000-170 Coimbra, Portugal",239 832 495,N/A (Google não fornece e-mail diretamente),https://www.mydentalhouse.com/galeria/,Google Places API
Clínica Dentária Olímpia Delgado,Medicina,"R. António Bentes Lote 6 Loja B, Fonte da Cheira, 3030-487 Coimbra, Portugal",239 483 346,N/A (Google não fornece e-mail diretamente),https://www.facebook.com/clinicaolimpiadelgado,Google Places API
Orisclinic - Centro Integrado de Medicina Dentária de Coimbra,Medicina,"R. Dr. António José de Almeida 82 R/C A - D, 3000-041 Coimbra, Portugal",239 826 740,N/A (Google não fornece e-mail diretamente),http://www.orisclinic.com/,Google Places API
Clínica Dentária Pascoal,Medicina,"R. Dr. António José de Almeida 28A, 3000-040 Coimbra, Portugal",239 484 073,N/A (Google não fornece e-mail diretamente),http://www.clinicapascoal.net/,Google Places API
Clínica De Medicina Dentária De Celas Lda,Medicina,"Largo Cruz de Celas 4 1º, Celas, 3000-132 Coimbra, Portugal",239 483 586,N/A (Google não fornece e-mail diretamente),https://www.clinicamdcelas.pt/,Google Places API
CLÍNICA MAIS DENTAL,Medicina,"R. Henrique de Barros Lote 3 R/c, 3020-266 Coimbra, Portugal",239 430 400,N/A (Google não fornece e-mail diretamente),http://www.clinicamais.pt/,Google Places API
XL Smile - clinica dentaria,Medicina,"Rua do Brasil 305, Fonte da Cheira, 3030-175 Coimbra, Portugal",239 703 758,N/A (Google não fornece e-mail diretamente),http://www.xlsmile.pt/,Google Places API
Clínica Dentária de Lordemão,Medicina,"Estr. Principal de Lordemão, 3020-250 Coimbra, Portugal",239 095 593,N/A (Google não fornece e-mail diretamente),https://clinicalordemao.pt/,Google Places API
CONCEPT SMILE clinica médica dentaria,Medicina,"Av. Dom Afonso Henriques 45 R/C, 3000-011 Coimbra, Portugal",239 091 981,N/A (Google não fornece e-mail diretamente),http://www.conceptsmile.com/,Google Places API
Clínica Dentária Smile.up Coimbra,Medicina,"R. João Machado 23A, 3000-226 Coimbra, Portugal",239 243 720,N/A (Google não fornece e-mail diretamente),https://smileup.pt/clinica-dentaria-coimbra,Google Places API
Actifisio - Acredite Numa Vida Activa e Saudável,Medicina,"Estr. Coselhas 21-22, 3000-125 Coimbra, Portugal",919 090 510,N/A (Google não fornece e-mail diretamente),http://www.actifisio.pt/,Google Places API
FISIOSFERA,Medicina,"R. Bernardo de Albuquerque 8B R/C Esq, Celas, 3000-070 Coimbra, Portugal",913 055 159,N/A (Google não fornece e-mail diretamente),http://www.fisiosfera.pt/,Google Places API
Intrafisio,Medicina,"R. Aveiro Lote 2A, 3000-064 Coimbra, Portugal",239 821 659,N/A (Google não fornece e-mail diretamente),http://www.intrafisio.pt/,Google Places API
Fisiocoimbra - Fisioterapia e Saúde,Medicina,"Ladeira da Porteladinha do Chão do Bispo, nº 10, Lt 8, Lj C, 3030-203 Coimbra, Portugal",913 330 504,N/A (Google não fornece e-mail diretamente),http://www.fisiocoimbra.pt/,Google Places API
Vasco Vicente Fisioterapia e Osteopatia,Medicina,"Avenida Calouste Gulbenkian, SN Lote 7, Andar -2 Loja 27, Celas, 3004-513 Coimbra, Portugal",913 930 153,N/A (Google não fornece e-mail diretamente),N/A,Google Places API
Clínica Joaquim Coutinho,Medicina,"Rua D.Ernesto Cena de Oliveira nº 22, R. Dom Ernesto Sena de Oliveira nº22, 3030-378 Coimbra, Portugal",239 093 072,N/A (Google não fornece e-mail diretamente),http://www.clinicajoaquimcoutinho.pt/,Google Places API
JS Physio,Medicina,"Rua Princesa Cindazunda 65 16.1 Loja 4, 3030-503 Coimbra, Portugal",932 444 496,N/A (Google não fornece e-mail diretamente),https://jsphysio.pt/,Google Places API
Centro de Reabilitação de Coimbra,Medicina,"R. Rodrigues Gusmão 40, Celas, 3000-345 Coimbra, Portugal",239 483 063,N/A (Google não fornece e-mail diretamente),https://www.crcoimbra.pt/?utm_source=GMB%20Home%20Page&utm_medium=GMB&utm_campaign=GMB%20Home%20Page,Google Places API
Fisioderme,Medicina,"Av. António Portugal 14, 3030-297 Coimbra, Portugal",912 181 943,N/A (Google não fornece e-mail diretamente),http://fisioderme.pt/,Google Places API
Fisio & Health Espaço Saúde Coimbra,Medicina,"R. Amorim Girão 6b loja 7, 3040-092 Coimbra, Portugal",966 415 577,N/A (Google não fornece e-mail diretamente),https://www.clinicafh.pt/,Google Places API
"Body Keeper-Clinica de Fisioterapia, Osteopatia e Nutrição",Medicina,"R. Francisco Lucas Pires Lote 19 nº 52, Fonte da Cheira, 3030-489 Coimbra, Portugal",919 582 451,N/A (Google não fornece e-mail diretamente),N/A,Google Places API
Fisio & Health - Terapias Naturais e Integrativas,Medicina,"Centro Comercial Don Dinis, Av. Fernão de Magalhães N° 170 1o andar loja 6, 3000-170 Coimbra, Portugal",966 301 878,N/A (Google não fornece e-mail diretamente),https://www.clinicafh.pt/,Google Places API
Clínica Fleming | Espaço de Saúde Integrado,Medicina,"R. Miguel Torga 80 lote 4 r/c esquerdo, 3030-165 Coimbra, Portugal",912 640 653,N/A (Google não fornece e-mail diretamente),http://www.clinicafleming.pt/,Google Places API
Fisioterapeuta João Costa - Fisioterapia Avançada,Medicina,"R. Armando de Sousa 17 loja AB, 3030-403 Coimbra, Portugal",919 892 534,N/A (Google não fornece e-mail diretamente),https://fisiojoaocosta.webnode.pt/,Google Places API
Sílvia Madaleno - Fisioterapia & Osteopatia,Medicina,"R. Dr. António José de Almeida 86 r/c, 3000-041 Coimbra, Portugal",914 952 655,N/A (Google não fornece e-mail diretamente),https://silviamadaleno.pt/,Google Places API
Fisio Molina,Medicina,"Av. Calouste Gulbenkian 7 Piso -2 sala 36, Celas, 3000-090 Coimbra, Portugal",964 047 375,N/A (Google não fornece e-mail diretamente),N/A,Google Places API
Thamyres Mourão Fisioterapia,Medicina,"B Ao lado da Imobiliária ERA, R. Maria Victória Bourbon Bobone 15 6, loja, 3030-502 Coimbra, Portugal",925 285 037,N/A (Google não fornece e-mail diretamente),https://bit.ly/ThamyresMouraoFisioterapia,Google Places API
"In | Motu - Saúde em Movimento. Clínica de Saúde, especializada nos hábitos de vida. Fisioterapia e Nutrição!",Medicina,"R. Figueira da Foz 79, 3000-184 Coimbra, Portugal",924 781 222,N/A (Google não fornece e-mail diretamente),https://inmotu.pt/,Google Places API
Tiago Flório - Saúde & Desporto,Medicina,"Centro Comercial Gira Solum Galerias, R. Joao de Deus Ramos 146 Loja 322, Fonte da Cheira, 3030-328 Coimbra, Portugal",969 032 004,N/A (Google não fornece e-mail diretamente),http://www.tiagofloriosed.pt/,Google Places API
Adriana Antonino Fisioterapia,Medicina,"CC Gira Solum, R. Joao de Deus Ramos 146 3 piso, loja 305, Fonte da Cheira, 3030-328 Coimbra, Portugal",912 974 267,N/A (Google não fornece e-mail diretamente),https://instagram.com/fisio.adriana.antonino?utm_medium=copy_link,Google Places API
